condition,scenario,profile,seed,client_id,malicious,rows,aggregation_weight,macro_f1,balanced_accuracy,pr_auc,roc_auc,validation_brier,consensus_deviation,quality,security_evidence,consensus_z,gate_passed,eligible,raw_score,fallback_activated,run_directory
confirm_clean_uniform,clean,uniform,121,0,False,3171,0.2,0.7713315217391304,0.725507223906702,0.667547359021285,0.8722626719962231,0.06649053141924285,0.0550340861082077,,,,,,,,D:\TrustFed-IncBoost\outputs\ehms_unseen_confirmation\unseen_confirmation_20260827T071608Z\runs\confirm_clean_uniform_seed121_20260827T071608Z
confirm_clean_uniform,clean,uniform,121,1,False,275,0.2,0.4340757905102276,0.6788412308383773,0.5757042412150226,0.6788412308383773,0.2516621405005809,0.3889690339565277,,,,,,,,D:\TrustFed-IncBoost\outputs\ehms_unseen_confirmation\unseen_confirmation_20260827T071608Z\runs\confirm_clean_uniform_seed121_20260827T071608Z
confirm_clean_uniform,clean,uniform,121,2,False,5479,0.2,0.8701073595217461,0.864557084410873,0.8623129230692932,0.9588053965679583,0.041984884828581474,0.06855705380439758,,,,,,,,D:\TrustFed-IncBoost\outputs\ehms_unseen_confirmation\unseen_confirmation_20260827T071608Z\runs\confirm_clean_uniform_seed121_20260827T071608Z
confirm_clean_uniform,clean,uniform,121,3,False,413,0.2,0.7193036330136533,0.7620696773609115,0.6641747532566014,0.8604893633885945,0.10077076259303251,0.08753908425569534,,,,,,,,D:\TrustFed-IncBoost\outputs\ehms_unseen_confirmation\unseen_confirmation_20260827T071608Z\runs\confirm_clean_uniform_seed121_20260827T071608Z
confirm_clean_uniform,clean,uniform,121,4,False,452,0.2,0.7469863869231086,0.7097445871872885,0.5795415364396999,0.7757945339236609,0.07640349898951697,0.08122345805168152,,,,,,,,D:\TrustFed-IncBoost\outputs\ehms_unseen_confirmation\unseen_confirmation_20260827T071608Z\runs\confirm_clean_uniform_seed121_20260827T071608Z
confirm_clean_uniform,clean,uniform,132,0,False,2270,0.2,0.7967703948347975,0.7801576587719484,0.7374517415542545,0.8986565707253825,0.06871960079561672,0.2378472536802292,,,,,,,,D:\TrustFed-IncBoost\outputs\ehms_unseen_confirmation\unseen_confirmation_20260827T071608Z\runs\confirm_clean_uniform_seed132_20260827T071616Z
confirm_clean_uniform,clean,uniform,132,1,False,6425,0.2,0.7439188410252469,0.686607250136055,0.5512105652464456,0.7017130745423804,0.08317866830306653,0.22517967224121094,,,,,,,,D:\TrustFed-IncBoost\outputs\ehms_unseen_confirmation\unseen_confirmation_20260827T071608Z\runs\confirm_clean_uniform_seed132_20260827T071616Z
confirm_clean_uniform,clean,uniform,132,2,False,341,0.2,0.4473549762524993,0.6610831148209141,0.5475519942342473,0.7408112877272588,0.25072140354872735,0.18006178736686707,,,,,,,,D:\TrustFed-IncBoost\outputs\ehms_unseen_confirmation\unseen_confirmation_20260827T071608Z\runs\confirm_clean_uniform_seed132_20260827T071616Z
confirm_clean_uniform,clean,uniform,132,3,False,499,0.2,0.47408282389588785,0.6735612930280992,0.6370666054463674,0.820031365268737,0.2502586574052634,0.17951464653015137,,,,,,,,D:\TrustFed-IncBoost\outputs\ehms_unseen_confirmation\unseen_confirmation_20260827T071608Z\runs\confirm_clean_uniform_seed132_20260827T071616Z
confirm_clean_uniform,clean,uniform,132,4,False,255,0.2,0.623409610034927,0.7291282355740574,0.6055158108459091,0.8328723565494434,0.167900968711418,0.053422603756189346,,,,,,,,D:\TrustFed-IncBoost\outputs\ehms_unseen_confirmation\unseen_confirmation_20260827T071608Z\runs\confirm_clean_uniform_seed132_20260827T071616Z
confirm_clean_uniform,clean,uniform,143,0,False,486,0.2,0.7697929051246825,0.7108017505525985,0.5561463995625088,0.7767678397133284,0.06720207023190422,0.03817841038107872,,,,,,,,D:\TrustFed-IncBoost\outputs\ehms_unseen_confirmation\unseen_confirmation_20260827T071608Z\runs\confirm_clean_uniform_seed143_20260827T071622Z
confirm_clean_uniform,clean,uniform,143,1,False,709,0.2,0.5156863729272082,0.5210843892142905,0.25137190689344036,0.7475632644960273,0.09923094608891539,0.06441135704517365,,,,,,,,D:\TrustFed-IncBoost\outputs\ehms_unseen_confirmation\unseen_confirmation_20260827T071608Z\runs\confirm_clean_uniform_seed143_20260827T071622Z
confirm_clean_uniform,clean,uniform,143,2,False,293,0.2,0.5818207668350541,0.7427092783094063,0.6497890218477385,0.8432278464378575,0.21558651679240493,0.3542875647544861,,,,,,,,D:\TrustFed-IncBoost\outputs\ehms_unseen_confirmation\unseen_confirmation_20260827T071608Z\runs\confirm_clean_uniform_seed143_20260827T071622Z
confirm_clean_uniform,clean,uniform,143,3,False,703,0.2,0.6926944813829787,0.6417847008808045,0.5122409084610047,0.7507161804675088,0.07567521174518907,0.040282756090164185,,,,,,,,D:\TrustFed-IncBoost\outputs\ehms_unseen_confirmation\unseen_confirmation_20260827T071608Z\runs\confirm_clean_uniform_seed143_20260827T071622Z
confirm_clean_uniform,clean,uniform,143,4,False,7599,0.2,0.8888696298130494,0.898565645269312,0.8933073041389336,0.9715077535994809,0.036682180142230354,0.09812968969345093,,,,,,,,D:\TrustFed-IncBoost\outputs\ehms_unseen_confirmation\unseen_confirmation_20260827T071608Z\runs\confirm_clean_uniform_seed143_20260827T071622Z
confirm_clean_uniform,clean,uniform,154,0,False,4927,0.2,0.7772541411224599,0.7182483807378204,0.6331189666079057,0.8167082998703199,0.06584264417158336,0.091086745262146,,,,,,,,D:\TrustFed-IncBoost\outputs\ehms_unseen_confirmation\unseen_confirmation_20260827T071608Z\runs\confirm_clean_uniform_seed154_20260827T071629Z
confirm_clean_uniform,clean,uniform,154,1,False,1516,0.2,0.5936788962273938,0.5704131334939558,0.39513660366893405,0.7644842697762063,0.09212180088978687,0.08130441606044769,,,,,,,,D:\TrustFed-IncBoost\outputs\ehms_unseen_confirmation\unseen_confirmation_20260827T071608Z\runs\confirm_clean_uniform_seed154_20260827T071629Z
confirm_clean_uniform,clean,uniform,154,2,False,388,0.2,0.22268724201687945,0.5289824462592697,0.43698122859844346,0.7047510525638753,0.25685360609490354,0.3386615216732025,,,,,,,,D:\TrustFed-IncBoost\outputs\ehms_unseen_confirmation\unseen_confirmation_20260827T071608Z\runs\confirm_clean_uniform_seed154_20260827T071629Z
confirm_clean_uniform,clean,uniform,154,3,False,534,0.2,0.519814562534312,0.7101729298997674,0.5932077402085676,0.8329174358813897,0.22646336508143988,0.29184865951538086,,,,,,,,D:\TrustFed-IncBoost\outputs\ehms_unseen_confirmation\unseen_confirmation_20260827T071608Z\runs\confirm_clean_uniform_seed154_20260827T071629Z
confirm_clean_uniform,clean,uniform,154,4,False,2425,0.2,0.8106836634726664,0.7981215515712841,0.7525661218069536,0.9112143684095246,0.06121285689435105,0.09178674221038818,,,,,,,,D:\TrustFed-IncBoost\outputs\ehms_unseen_confirmation\unseen_confirmation_20260827T071608Z\runs\confirm_clean_uniform_seed154_20260827T071629Z
confirm_clean_uniform,clean,uniform,165,0,False,5192,0.2,0.8299040325803972,0.7915486579628053,0.7829720497579207,0.925144744551132,0.05245450732945841,0.08208347856998444,,,,,,,,D:\TrustFed-IncBoost\outputs\ehms_unseen_confirmation\unseen_confirmation_20260827T071608Z\runs\confirm_clean_uniform_seed165_20260827T071635Z
confirm_clean_uniform,clean,uniform,165,1,False,1588,0.2,0.7781525278316035,0.7338452800356137,0.683590944472412,0.8673070477740168,0.06553545782186404,0.06732607632875443,,,,,,,,D:\TrustFed-IncBoost\outputs\ehms_unseen_confirmation\unseen_confirmation_20260827T071608Z\runs\confirm_clean_uniform_seed165_20260827T071635Z
confirm_clean_uniform,clean,uniform,165,2,False,676,0.2,0.6662235402392882,0.7892767505583826,0.643405175147134,0.8814454925578828,0.15209469984823282,0.18949241936206818,,,,,,,,D:\TrustFed-IncBoost\outputs\ehms_unseen_confirmation\unseen_confirmation_20260827T071608Z\runs\confirm_clean_uniform_seed165_20260827T071635Z
confirm_clean_uniform,clean,uniform,165,3,False,515,0.2,0.6328822476840092,0.7758550993831567,0.6754500493806878,0.8771882246288749,0.16399397356431236,0.21197715401649475,,,,,,,,D:\TrustFed-IncBoost\outputs\ehms_unseen_confirmation\unseen_confirmation_20260827T071608Z\runs\confirm_clean_uniform_seed165_20260827T071635Z
confirm_clean_uniform,clean,uniform,165,4,False,1819,0.2,0.7135735382487072,0.6577901095274279,0.5708754023475416,0.7778511201339265,0.07658453219073445,0.07991503924131393,,,,,,,,D:\TrustFed-IncBoost\outputs\ehms_unseen_confirmation\unseen_confirmation_20260827T071608Z\runs\confirm_clean_uniform_seed165_20260827T071635Z
confirm_clean_uniform,clean,uniform,176,0,False,2217,0.2,0.8164045331675389,0.8109266089903735,0.7791596524149884,0.9205205324689736,0.06017684819747716,0.05252475291490555,,,,,,,,D:\TrustFed-IncBoost\outputs\ehms_unseen_confirmation\unseen_confirmation_20260827T071608Z\runs\confirm_clean_uniform_seed176_20260827T071642Z
confirm_clean_uniform,clean,uniform,176,1,False,368,0.2,0.7492168718583814,0.6902998248191872,0.5974125648655582,0.8015783085132495,0.07182210593847595,0.07411413639783859,,,,,,,,D:\TrustFed-IncBoost\outputs\ehms_unseen_confirmation\unseen_confirmation_20260827T071608Z\runs\confirm_clean_uniform_seed176_20260827T071642Z
confirm_clean_uniform,clean,uniform,176,2,False,1130,0.2,0.7659501235958572,0.7573157323129583,0.6999361443288658,0.8761024454703488,0.07537083839627626,0.051429253071546555,,,,,,,,D:\TrustFed-IncBoost\outputs\ehms_unseen_confirmation\unseen_confirmation_20260827T071608Z\runs\confirm_clean_uniform_seed176_20260827T071642Z
confirm_clean_uniform,clean,uniform,176,3,False,5745,0.2,0.8496728115981664,0.8108030409506165,0.8198002481356572,0.936717192265145,0.04704579549653013,0.05022662132978439,,,,,,,,D:\TrustFed-IncBoost\outputs\ehms_unseen_confirmation\unseen_confirmation_20260827T071608Z\runs\confirm_clean_uniform_seed176_20260827T071642Z
confirm_clean_uniform,clean,uniform,176,4,False,330,0.2,0.4729823503286588,0.6717780684382009,0.49104907658438035,0.6767972845292815,0.2499989479633095,0.41423025727272034,,,,,,,,D:\TrustFed-IncBoost\outputs\ehms_unseen_confirmation\unseen_confirmation_20260827T071608Z\runs\confirm_clean_uniform_seed176_20260827T071642Z
confirm_clean_uniform,clean,uniform,187,0,False,2053,0.2,0.7881763986647261,0.7367038376532047,0.6834861043073294,0.8635167604313174,0.0659011566726109,0.03523775562644005,,,,,,,,D:\TrustFed-IncBoost\outputs\ehms_unseen_confirmation\unseen_confirmation_20260827T071608Z\runs\confirm_clean_uniform_seed187_20260827T071650Z
confirm_clean_uniform,clean,uniform,187,1,False,3024,0.2,0.8377462782355145,0.8828712075547518,0.8515281828976504,0.9539741142589244,0.05996611074729876,0.10948634892702103,,,,,,,,D:\TrustFed-IncBoost\outputs\ehms_unseen_confirmation\unseen_confirmation_20260827T071608Z\runs\confirm_clean_uniform_seed187_20260827T071650Z
confirm_clean_uniform,clean,uniform,187,2,False,548,0.2,0.7703058366525454,0.713813542294555,0.5958325820475764,0.784161727278816,0.07138482149749488,0.0493738129734993,,,,,,,,D:\TrustFed-IncBoost\outputs\ehms_unseen_confirmation\unseen_confirmation_20260827T071608Z\runs\confirm_clean_uniform_seed187_20260827T071650Z
confirm_clean_uniform,clean,uniform,187,3,False,1930,0.2,0.7761062382337321,0.7402099658428772,0.6752757358950146,0.8592496316388722,0.07100150373115086,0.04300195723772049,,,,,,,,D:\TrustFed-IncBoost\outputs\ehms_unseen_confirmation\unseen_confirmation_20260827T071608Z\runs\confirm_clean_uniform_seed187_20260827T071650Z
confirm_clean_uniform,clean,uniform,187,4,False,2235,0.2,0.7845900016498928,0.7280992565802693,0.6541183680122816,0.837813944143058,0.06748013744425624,0.03353454917669296,,,,,,,,D:\TrustFed-IncBoost\outputs\ehms_unseen_confirmation\unseen_confirmation_20260827T071608Z\runs\confirm_clean_uniform_seed187_20260827T071650Z
confirm_clean_uniform,clean,uniform,198,0,False,924,0.2,0.7808971692336564,0.7404286752655155,0.6797686937863704,0.8635125136336975,0.07112900049421662,0.06619548052549362,,,,,,,,D:\TrustFed-IncBoost\outputs\ehms_unseen_confirmation\unseen_confirmation_20260827T071608Z\runs\confirm_clean_uniform_seed198_20260827T071657Z
confirm_clean_uniform,clean,uniform,198,1,False,5830,0.2,0.7591649781198386,0.7013855181376104,0.6250667534082623,0.8331190555243294,0.07291998482366435,0.09029538929462433,,,,,,,,D:\TrustFed-IncBoost\outputs\ehms_unseen_confirmation\unseen_confirmation_20260827T071608Z\runs\confirm_clean_uniform_seed198_20260827T071657Z
confirm_clean_uniform,clean,uniform,198,2,False,1023,0.2,0.734525646605732,0.8155916474074969,0.7241622230701523,0.9013915548982194,0.11200377031078157,0.09770961850881577,,,,,,,,D:\TrustFed-IncBoost\outputs\ehms_unseen_confirmation\unseen_confirmation_20260827T071608Z\runs\confirm_clean_uniform_seed198_20260827T071657Z
confirm_clean_uniform,clean,uniform,198,3,False,1749,0.2,0.8038150851924488,0.8166672513078967,0.776556741472931,0.9161424610241446,0.0693468389570689,0.06379211694002151,,,,,,,,D:\TrustFed-IncBoost\outputs\ehms_unseen_confirmation\unseen_confirmation_20260827T071608Z\runs\confirm_clean_uniform_seed198_20260827T071657Z
confirm_clean_uniform,clean,uniform,198,4,False,264,0.2,0.6398183958298301,0.7606775203271599,0.6747079019017286,0.8609815609594533,0.15915706542113592,0.19377544522285461,,,,,,,,D:\TrustFed-IncBoost\outputs\ehms_unseen_confirmation\unseen_confirmation_20260827T071608Z\runs\confirm_clean_uniform_seed198_20260827T071657Z
confirm_clean_uniform,clean,uniform,209,0,False,396,0.2,0.29803085140450625,0.5427826699542092,0.4923739673735006,0.7289832791165075,0.254832930548261,0.31896719336509705,,,,,,,,D:\TrustFed-IncBoost\outputs\ehms_unseen_confirmation\unseen_confirmation_20260827T071608Z\runs\confirm_clean_uniform_seed209_20260827T071704Z
confirm_clean_uniform,clean,uniform,209,1,False,552,0.2,0.6454134528639646,0.762190912293061,0.6662544656382805,0.8694312413235812,0.15302839075394115,0.13671332597732544,,,,,,,,D:\TrustFed-IncBoost\outputs\ehms_unseen_confirmation\unseen_confirmation_20260827T071608Z\runs\confirm_clean_uniform_seed209_20260827T071704Z
confirm_clean_uniform,clean,uniform,209,2,False,1735,0.2,0.785760096558737,0.7877632969355407,0.7368594064729489,0.8987423077719994,0.0722208679545984,0.09933211654424667,,,,,,,,D:\TrustFed-IncBoost\outputs\ehms_unseen_confirmation\unseen_confirmation_20260827T071608Z\runs\confirm_clean_uniform_seed209_20260827T071704Z
confirm_clean_uniform,clean,uniform,209,3,False,6886,0.2,0.7830093961839454,0.728185980979218,0.6682665990668508,0.8326738909723806,0.06621862721097642,0.11753524839878082,,,,,,,,D:\TrustFed-IncBoost\outputs\ehms_unseen_confirmation\unseen_confirmation_20260827T071608Z\runs\confirm_clean_uniform_seed209_20260827T071704Z
confirm_clean_uniform,clean,uniform,209,4,False,221,0.2,0.7057509634634455,0.7076083127861923,0.5691097620976808,0.8135076559683403,0.1014253908957488,0.06716226041316986,,,,,,,,D:\TrustFed-IncBoost\outputs\ehms_unseen_confirmation\unseen_confirmation_20260827T071608Z\runs\confirm_clean_uniform_seed209_20260827T071704Z
confirm_clean_uniform,clean,uniform,220,0,False,363,0.2,0.28406012274060527,0.568877768212735,0.5032691248025356,0.5400886137672978,0.2564279336161968,0.3329885005950928,,,,,,,,D:\TrustFed-IncBoost\outputs\ehms_unseen_confirmation\unseen_confirmation_20260827T071608Z\runs\confirm_clean_uniform_seed220_20260827T071711Z
confirm_clean_uniform,clean,uniform,220,1,False,1503,0.2,0.4690947942496751,0.5008784837276262,0.14308090082832017,0.49925610531140807,0.10908371187632894,0.09866245090961456,,,,,,,,D:\TrustFed-IncBoost\outputs\ehms_unseen_confirmation\unseen_confirmation_20260827T071608Z\runs\confirm_clean_uniform_seed220_20260827T071711Z
confirm_clean_uniform,clean,uniform,220,2,False,4742,0.2,0.853026947233464,0.8422680962057931,0.8412898631425836,0.956229752519567,0.046766363236673276,0.1102079376578331,,,,,,,,D:\TrustFed-IncBoost\outputs\ehms_unseen_confirmation\unseen_confirmation_20260827T071608Z\runs\confirm_clean_uniform_seed220_20260827T071711Z
confirm_clean_uniform,clean,uniform,220,3,False,269,0.2,0.6500032168821978,0.7716608803413143,0.6653325295087873,0.866166035574506,0.14985317598086312,0.16534297168254852,,,,,,,,D:\TrustFed-IncBoost\outputs\ehms_unseen_confirmation\unseen_confirmation_20260827T071608Z\runs\confirm_clean_uniform_seed220_20260827T071711Z
confirm_clean_uniform,clean,uniform,220,4,False,2913,0.2,0.7909868710817067,0.7430888743454371,0.6888098432525976,0.8733482742933216,0.06348396036586905,0.09728597849607468,,,,,,,,D:\TrustFed-IncBoost\outputs\ehms_unseen_confirmation\unseen_confirmation_20260827T071608Z\runs\confirm_clean_uniform_seed220_20260827T071711Z
confirm_clean_trust_v1,clean,trust_v1,121,0,False,3171,0.22579393364962508,0.7713315217391304,0.725507223906702,0.667547359021285,0.8722626719962231,0.06649053141924285,0.0550340861082077,,,,,,,,D:\TrustFed-IncBoost\outputs\ehms_unseen_confirmation\unseen_confirmation_20260827T071608Z\runs\confirm_clean_trust_v1_seed121_20260827T071718Z
confirm_clean_trust_v1,clean,trust_v1,121,1,False,275,0.025331917409878026,0.4340757905102276,0.6788412308383773,0.5757042412150226,0.6788412308383773,0.2516621405005809,0.3889690339565277,,,,,,,,D:\TrustFed-IncBoost\outputs\ehms_unseen_confirmation\unseen_confirmation_20260827T071608Z\runs\confirm_clean_trust_v1_seed121_20260827T071718Z
confirm_clean_trust_v1,clean,trust_v1,121,2,False,5479,0.39499155710065703,0.8701073595217461,0.864557084410873,0.8623129230692932,0.9588053965679583,0.041984884828581474,0.06855705380439758,,,,,,,,D:\TrustFed-IncBoost\outputs\ehms_unseen_confirmation\unseen_confirmation_20260827T071608Z\runs\confirm_clean_trust_v1_seed121_20260827T071718Z
confirm_clean_trust_v1,clean,trust_v1,121,3,False,413,0.1859137232015321,0.7193036330136533,0.7620696773609115,0.6641747532566014,0.8604893633885945,0.10077076259303251,0.08753908425569534,,,,,,,,D:\TrustFed-IncBoost\outputs\ehms_unseen_confirmation\unseen_confirmation_20260827T071608Z\runs\confirm_clean_trust_v1_seed121_20260827T071718Z
confirm_clean_trust_v1,clean,trust_v1,121,4,False,452,0.16796886863830765,0.7469863869231086,0.7097445871872885,0.5795415364396999,0.7757945339236609,0.07640349898951697,0.08122345805168152,,,,,,,,D:\TrustFed-IncBoost\outputs\ehms_unseen_confirmation\unseen_confirmation_20260827T071608Z\runs\confirm_clean_trust_v1_seed121_20260827T071718Z
confirm_clean_trust_v1,clean,trust_v1,132,0,False,2270,0.3516144520353263,0.7967703948347975,0.7801576587719484,0.7374517415542545,0.8986565707253825,0.06871960079561672,0.2378472536802292,,,,,,,,D:\TrustFed-IncBoost\outputs\ehms_unseen_confirmation\unseen_confirmation_20260827T071608Z\runs\confirm_clean_trust_v1_seed132_20260827T071726Z
confirm_clean_trust_v1,clean,trust_v1,132,1,False,6425,0.2135247831782273,0.7439188410252469,0.686607250136055,0.5512105652464456,0.7017130745423804,0.08317866830306653,0.22517967224121094,,,,,,,,D:\TrustFed-IncBoost\outputs\ehms_unseen_confirmation\unseen_confirmation_20260827T071608Z\runs\confirm_clean_trust_v1_seed132_20260827T071726Z
confirm_clean_trust_v1,clean,trust_v1,132,2,False,341,0.09352113456599793,0.4473549762524993,0.6610831148209141,0.5475519942342473,0.7408112877272588,0.25072140354872735,0.18006178736686707,,,,,,,,D:\TrustFed-IncBoost\outputs\ehms_unseen_confirmation\unseen_confirmation_20260827T071608Z\runs\confirm_clean_trust_v1_seed132_20260827T071726Z
confirm_clean_trust_v1,clean,trust_v1,132,3,False,499,0.1176858089723905,0.47408282389588785,0.6735612930280992,0.6370666054463674,0.820031365268737,0.2502586574052634,0.17951464653015137,,,,,,,,D:\TrustFed-IncBoost\outputs\ehms_unseen_confirmation\unseen_confirmation_20260827T071608Z\runs\confirm_clean_trust_v1_seed132_20260827T071726Z
confirm_clean_trust_v1,clean,trust_v1,132,4,False,255,0.2236538212480579,0.623409610034927,0.7291282355740574,0.6055158108459091,0.8328723565494434,0.167900968711418,0.053422603756189346,,,,,,,,D:\TrustFed-IncBoost\outputs\ehms_unseen_confirmation\unseen_confirmation_20260827T071608Z\runs\confirm_clean_trust_v1_seed132_20260827T071726Z
confirm_clean_trust_v1,clean,trust_v1,143,0,False,486,0.28316748912626016,0.7697929051246825,0.7108017505525985,0.5561463995625088,0.7767678397133284,0.06720207023190422,0.03817841038107872,,,,,,,,D:\TrustFed-IncBoost\outputs\ehms_unseen_confirmation\unseen_confirmation_20260827T071608Z\runs\confirm_clean_trust_v1_seed143_20260827T071732Z
confirm_clean_trust_v1,clean,trust_v1,143,1,False,709,0.05324809561170933,0.5156863729272082,0.5210843892142905,0.25137190689344036,0.7475632644960273,0.09923094608891539,0.06441135704517365,,,,,,,,D:\TrustFed-IncBoost\outputs\ehms_unseen_confirmation\unseen_confirmation_20260827T071608Z\runs\confirm_clean_trust_v1_seed143_20260827T071732Z
confirm_clean_trust_v1,clean,trust_v1,143,2,False,293,0.056936776809586385,0.5818207668350541,0.7427092783094063,0.6497890218477385,0.8432278464378575,0.21558651679240493,0.3542875647544861,,,,,,,,D:\TrustFed-IncBoost\outputs\ehms_unseen_confirmation\unseen_confirmation_20260827T071608Z\runs\confirm_clean_trust_v1_seed143_20260827T071732Z
confirm_clean_trust_v1,clean,trust_v1,143,3,False,703,0.2066476384524441,0.6926944813829787,0.6417847008808045,0.5122409084610047,0.7507161804675088,0.07567521174518907,0.040282756090164185,,,,,,,,D:\TrustFed-IncBoost\outputs\ehms_unseen_confirmation\unseen_confirmation_20260827T071608Z\runs\confirm_clean_trust_v1_seed143_20260827T071732Z
confirm_clean_trust_v1,clean,trust_v1,143,4,False,7599,0.4,0.8888696298130494,0.898565645269312,0.8933073041389336,0.9715077535994809,0.036682180142230354,0.09812968969345093,,,,,,,,D:\TrustFed-IncBoost\outputs\ehms_unseen_confirmation\unseen_confirmation_20260827T071608Z\runs\confirm_clean_trust_v1_seed143_20260827T071732Z
confirm_clean_trust_v1,clean,trust_v1,154,0,False,4927,0.3572227949276618,0.7772541411224599,0.7182483807378204,0.6331189666079057,0.8167082998703199,0.06584264417158336,0.091086745262146,,,,,,,,D:\TrustFed-IncBoost\outputs\ehms_unseen_confirmation\unseen_confirmation_20260827T071608Z\runs\confirm_clean_trust_v1_seed154_20260827T071738Z
confirm_clean_trust_v1,clean,trust_v1,154,1,False,1516,0.13178016225611586,0.5936788962273938,0.5704131334939558,0.39513660366893405,0.7644842697762063,0.09212180088978687,0.08130441606044769,,,,,,,,D:\TrustFed-IncBoost\outputs\ehms_unseen_confirmation\unseen_confirmation_20260827T071608Z\runs\confirm_clean_trust_v1_seed154_20260827T071738Z
confirm_clean_trust_v1,clean,trust_v1,154,2,False,388,0.018090683083073815,0.22268724201687945,0.5289824462592697,0.43698122859844346,0.7047510525638753,0.25685360609490354,0.3386615216732025,,,,,,,,D:\TrustFed-IncBoost\outputs\ehms_unseen_confirmation\unseen_confirmation_20260827T071608Z\runs\confirm_clean_trust_v1_seed154_20260827T071738Z
confirm_clean_trust_v1,clean,trust_v1,154,3,False,534,0.09290635973314851,0.519814562534312,0.7101729298997674,0.5932077402085676,0.8329174358813897,0.22646336508143988,0.29184865951538086,,,,,,,,D:\TrustFed-IncBoost\outputs\ehms_unseen_confirmation\unseen_confirmation_20260827T071608Z\runs\confirm_clean_trust_v1_seed154_20260827T071738Z
confirm_clean_trust_v1,clean,trust_v1,154,4,False,2425,0.4,0.8106836634726664,0.7981215515712841,0.7525661218069536,0.9112143684095246,0.06121285689435105,0.09178674221038818,,,,,,,,D:\TrustFed-IncBoost\outputs\ehms_unseen_confirmation\unseen_confirmation_20260827T071608Z\runs\confirm_clean_trust_v1_seed154_20260827T071738Z
confirm_clean_trust_v1,clean,trust_v1,165,0,False,5192,0.3323403251894292,0.8299040325803972,0.7915486579628053,0.7829720497579207,0.925144744551132,0.05245450732945841,0.08208347856998444,,,,,,,,D:\TrustFed-IncBoost\outputs\ehms_unseen_confirmation\unseen_confirmation_20260827T071608Z\runs\confirm_clean_trust_v1_seed165_20260827T071744Z
confirm_clean_trust_v1,clean,trust_v1,165,1,False,1588,0.2570126867382608,0.7781525278316035,0.7338452800356137,0.683590944472412,0.8673070477740168,0.06553545782186404,0.06732607632875443,,,,,,,,D:\TrustFed-IncBoost\outputs\ehms_unseen_confirmation\unseen_confirmation_20260827T071608Z\runs\confirm_clean_trust_v1_seed165_20260827T071744Z
confirm_clean_trust_v1,clean,trust_v1,165,2,False,676,0.12913629347875588,0.6662235402392882,0.7892767505583826,0.643405175147134,0.8814454925578828,0.15209469984823282,0.18949241936206818,,,,,,,,D:\TrustFed-IncBoost\outputs\ehms_unseen_confirmation\unseen_confirmation_20260827T071608Z\runs\confirm_clean_trust_v1_seed165_20260827T071744Z
confirm_clean_trust_v1,clean,trust_v1,165,3,False,515,0.1154343297690978,0.6328822476840092,0.7758550993831567,0.6754500493806878,0.8771882246288749,0.16399397356431236,0.21197715401649475,,,,,,,,D:\TrustFed-IncBoost\outputs\ehms_unseen_confirmation\unseen_confirmation_20260827T071608Z\runs\confirm_clean_trust_v1_seed165_20260827T071744Z
confirm_clean_trust_v1,clean,trust_v1,165,4,False,1819,0.1660763648244563,0.7135735382487072,0.6577901095274279,0.5708754023475416,0.7778511201339265,0.07658453219073445,0.07991503924131393,,,,,,,,D:\TrustFed-IncBoost\outputs\ehms_unseen_confirmation\unseen_confirmation_20260827T071608Z\runs\confirm_clean_trust_v1_seed165_20260827T071744Z
confirm_clean_trust_v1,clean,trust_v1,176,0,False,2217,0.28827445598622015,0.8164045331675389,0.8109266089903735,0.7791596524149884,0.9205205324689736,0.06017684819747716,0.05252475291490555,,,,,,,,D:\TrustFed-IncBoost\outputs\ehms_unseen_confirmation\unseen_confirmation_20260827T071608Z\runs\confirm_clean_trust_v1_seed176_20260827T071751Z
confirm_clean_trust_v1,clean,trust_v1,176,1,False,368,0.15221975770634327,0.7492168718583814,0.6902998248191872,0.5974125648655582,0.8015783085132495,0.07182210593847595,0.07411413639783859,,,,,,,,D:\TrustFed-IncBoost\outputs\ehms_unseen_confirmation\unseen_confirmation_20260827T071608Z\runs\confirm_clean_trust_v1_seed176_20260827T071751Z
confirm_clean_trust_v1,clean,trust_v1,176,2,False,1130,0.2212563602748012,0.7659501235958572,0.7573157323129583,0.6999361443288658,0.8761024454703488,0.07537083839627626,0.051429253071546555,,,,,,,,D:\TrustFed-IncBoost\outputs\ehms_unseen_confirmation\unseen_confirmation_20260827T071608Z\runs\confirm_clean_trust_v1_seed176_20260827T071751Z
confirm_clean_trust_v1,clean,trust_v1,176,3,False,5745,0.32758479466732054,0.8496728115981664,0.8108030409506165,0.8198002481356572,0.936717192265145,0.04704579549653013,0.05022662132978439,,,,,,,,D:\TrustFed-IncBoost\outputs\ehms_unseen_confirmation\unseen_confirmation_20260827T071608Z\runs\confirm_clean_trust_v1_seed176_20260827T071751Z
confirm_clean_trust_v1,clean,trust_v1,176,4,False,330,0.010664631365314835,0.4729823503286588,0.6717780684382009,0.49104907658438035,0.6767972845292815,0.2499989479633095,0.41423025727272034,,,,,,,,D:\TrustFed-IncBoost\outputs\ehms_unseen_confirmation\unseen_confirmation_20260827T071608Z\runs\confirm_clean_trust_v1_seed176_20260827T071751Z
confirm_clean_trust_v1,clean,trust_v1,187,0,False,2053,0.214233156243997,0.7881763986647261,0.7367038376532047,0.6834861043073294,0.8635167604313174,0.0659011566726109,0.03523775562644005,,,,,,,,D:\TrustFed-IncBoost\outputs\ehms_unseen_confirmation\unseen_confirmation_20260827T071608Z\runs\confirm_clean_trust_v1_seed187_20260827T071759Z
confirm_clean_trust_v1,clean,trust_v1,187,1,False,3024,0.22343037643092067,0.8377462782355145,0.8828712075547518,0.8515281828976504,0.9539741142589244,0.05996611074729876,0.10948634892702103,,,,,,,,D:\TrustFed-IncBoost\outputs\ehms_unseen_confirmation\unseen_confirmation_20260827T071608Z\runs\confirm_clean_trust_v1_seed187_20260827T071759Z
confirm_clean_trust_v1,clean,trust_v1,187,2,False,548,0.16112360512208346,0.7703058366525454,0.713813542294555,0.5958325820475764,0.784161727278816,0.07138482149749488,0.0493738129734993,,,,,,,,D:\TrustFed-IncBoost\outputs\ehms_unseen_confirmation\unseen_confirmation_20260827T071608Z\runs\confirm_clean_trust_v1_seed187_20260827T071759Z
confirm_clean_trust_v1,clean,trust_v1,187,3,False,1930,0.19813662835697413,0.7761062382337321,0.7402099658428772,0.6752757358950146,0.8592496316388722,0.07100150373115086,0.04300195723772049,,,,,,,,D:\TrustFed-IncBoost\outputs\ehms_unseen_confirmation\unseen_confirmation_20260827T071608Z\runs\confirm_clean_trust_v1_seed187_20260827T071759Z
confirm_clean_trust_v1,clean,trust_v1,187,4,False,2235,0.2030762338460248,0.7845900016498928,0.7280992565802693,0.6541183680122816,0.837813944143058,0.06748013744425624,0.03353454917669296,,,,,,,,D:\TrustFed-IncBoost\outputs\ehms_unseen_confirmation\unseen_confirmation_20260827T071608Z\runs\confirm_clean_trust_v1_seed187_20260827T071759Z
confirm_clean_trust_v1,clean,trust_v1,198,0,False,924,0.2210492382805622,0.7808971692336564,0.7404286752655155,0.6797686937863704,0.8635125136336975,0.07112900049421662,0.06619548052549362,,,,,,,,D:\TrustFed-IncBoost\outputs\ehms_unseen_confirmation\unseen_confirmation_20260827T071608Z\runs\confirm_clean_trust_v1_seed198_20260827T071806Z
confirm_clean_trust_v1,clean,trust_v1,198,1,False,5830,0.17447630415423088,0.7591649781198386,0.7013855181376104,0.6250667534082623,0.8331190555243294,0.07291998482366435,0.09029538929462433,,,,,,,,D:\TrustFed-IncBoost\outputs\ehms_unseen_confirmation\unseen_confirmation_20260827T071608Z\runs\confirm_clean_trust_v1_seed198_20260827T071806Z
confirm_clean_trust_v1,clean,trust_v1,198,2,False,1023,0.20604874659080735,0.734525646605732,0.8155916474074969,0.7241622230701523,0.9013915548982194,0.11200377031078157,0.09770961850881577,,,,,,,,D:\TrustFed-IncBoost\outputs\ehms_unseen_confirmation\unseen_confirmation_20260827T071608Z\runs\confirm_clean_trust_v1_seed198_20260827T071806Z
confirm_clean_trust_v1,clean,trust_v1,198,3,False,1749,0.2896430254774193,0.8038150851924488,0.8166672513078967,0.776556741472931,0.9161424610241446,0.0693468389570689,0.06379211694002151,,,,,,,,D:\TrustFed-IncBoost\outputs\ehms_unseen_confirmation\unseen_confirmation_20260827T071608Z\runs\confirm_clean_trust_v1_seed198_20260827T071806Z
confirm_clean_trust_v1,clean,trust_v1,198,4,False,264,0.10878268549698021,0.6398183958298301,0.7606775203271599,0.6747079019017286,0.8609815609594533,0.15915706542113592,0.19377544522285461,,,,,,,,D:\TrustFed-IncBoost\outputs\ehms_unseen_confirmation\unseen_confirmation_20260827T071608Z\runs\confirm_clean_trust_v1_seed198_20260827T071806Z
confirm_clean_trust_v1,clean,trust_v1,209,0,False,396,0.024637068024107145,0.29803085140450625,0.5427826699542092,0.4923739673735006,0.7289832791165075,0.254832930548261,0.31896719336509705,,,,,,,,D:\TrustFed-IncBoost\outputs\ehms_unseen_confirmation\unseen_confirmation_20260827T071608Z\runs\confirm_clean_trust_v1_seed209_20260827T071814Z
confirm_clean_trust_v1,clean,trust_v1,209,1,False,552,0.18311807212815448,0.6454134528639646,0.762190912293061,0.6662544656382805,0.8694312413235812,0.15302839075394115,0.13671332597732544,,,,,,,,D:\TrustFed-IncBoost\outputs\ehms_unseen_confirmation\unseen_confirmation_20260827T071608Z\runs\confirm_clean_trust_v1_seed209_20260827T071814Z
confirm_clean_trust_v1,clean,trust_v1,209,2,False,1735,0.32432385868933283,0.785760096558737,0.7877632969355407,0.7368594064729489,0.8987423077719994,0.0722208679545984,0.09933211654424667,,,,,,,,D:\TrustFed-IncBoost\outputs\ehms_unseen_confirmation\unseen_confirmation_20260827T071608Z\runs\confirm_clean_trust_v1_seed209_20260827T071814Z
confirm_clean_trust_v1,clean,trust_v1,209,3,False,6886,0.26379466549306113,0.7830093961839454,0.728185980979218,0.6682665990668508,0.8326738909723806,0.06621862721097642,0.11753524839878082,,,,,,,,D:\TrustFed-IncBoost\outputs\ehms_unseen_confirmation\unseen_confirmation_20260827T071608Z\runs\confirm_clean_trust_v1_seed209_20260827T071814Z
confirm_clean_trust_v1,clean,trust_v1,209,4,False,221,0.20412633566534452,0.7057509634634455,0.7076083127861923,0.5691097620976808,0.8135076559683403,0.1014253908957488,0.06716226041316986,,,,,,,,D:\TrustFed-IncBoost\outputs\ehms_unseen_confirmation\unseen_confirmation_20260827T071608Z\runs\confirm_clean_trust_v1_seed209_20260827T071814Z
confirm_clean_trust_v1,clean,trust_v1,220,0,False,363,0.027432930797286703,0.28406012274060527,0.568877768212735,0.5032691248025356,0.5400886137672978,0.2564279336161968,0.3329885005950928,,,,,,,,D:\TrustFed-IncBoost\outputs\ehms_unseen_confirmation\unseen_confirmation_20260827T071608Z\runs\confirm_clean_trust_v1_seed220_20260827T071821Z
confirm_clean_trust_v1,clean,trust_v1,220,1,False,1503,0.025908838833917296,0.4690947942496751,0.5008784837276262,0.14308090082832017,0.49925610531140807,0.10908371187632894,0.09866245090961456,,,,,,,,D:\TrustFed-IncBoost\outputs\ehms_unseen_confirmation\unseen_confirmation_20260827T071608Z\runs\confirm_clean_trust_v1_seed220_20260827T071821Z
confirm_clean_trust_v1,clean,trust_v1,220,2,False,4742,0.4,0.853026947233464,0.8422680962057931,0.8412898631425836,0.956229752519567,0.046766363236673276,0.1102079376578331,,,,,,,,D:\TrustFed-IncBoost\outputs\ehms_unseen_confirmation\unseen_confirmation_20260827T071608Z\runs\confirm_clean_trust_v1_seed220_20260827T071821Z
confirm_clean_trust_v1,clean,trust_v1,220,3,False,269,0.2037750659621111,0.6500032168821978,0.7716608803413143,0.6653325295087873,0.866166035574506,0.14985317598086312,0.16534297168254852,,,,,,,,D:\TrustFed-IncBoost\outputs\ehms_unseen_confirmation\unseen_confirmation_20260827T071608Z\runs\confirm_clean_trust_v1_seed220_20260827T071821Z
confirm_clean_trust_v1,clean,trust_v1,220,4,False,2913,0.34288316440668487,0.7909868710817067,0.7430888743454371,0.6888098432525976,0.8733482742933216,0.06348396036586905,0.09728597849607468,,,,,,,,D:\TrustFed-IncBoost\outputs\ehms_unseen_confirmation\unseen_confirmation_20260827T071608Z\runs\confirm_clean_trust_v1_seed220_20260827T071821Z
confirm_clean_trust_v2,clean,trust_v2,121,0,False,3171,0.23137018796563966,0.7713315217391304,0.725507223906702,0.667547359021285,0.8722626719962231,0.06649053141924285,0.0550340861082077,0.7555323206979941,0.5794753548718339,0.6775555962859192,True,True,0.11848142684947269,False,D:\TrustFed-IncBoost\outputs\ehms_unseen_confirmation\unseen_confirmation_20260827T071608Z\runs\confirm_clean_trust_v2_seed121_20260827T071827Z
confirm_clean_trust_v2,clean,trust_v2,121,1,False,275,0.022118169229502337,0.4340757905102276,0.6788412308383773,0.5757042412150226,0.6788412308383773,0.2516621405005809,0.3889690339565277,0.582539467590643,0.35768246167675466,3.0,True,True,0.011326404117365017,False,D:\TrustFed-IncBoost\outputs\ehms_unseen_confirmation\unseen_confirmation_20260827T071608Z\runs\confirm_clean_trust_v2_seed121_20260827T071827Z
confirm_clean_trust_v2,clean,trust_v2,121,2,False,5479,0.4,0.8701073595217461,0.864557084410873,0.8623129230692932,0.9588053965679583,0.041984884828581474,0.06855705380439758,0.8880562397224031,0.8179505062894434,0.8440444596229387,True,True,0.3959601395560729,False,D:\TrustFed-IncBoost\outputs\ehms_unseen_confirmation\unseen_confirmation_20260827T071608Z\runs\confirm_clean_trust_v2_seed121_20260827T071827Z
confirm_clean_trust_v2,clean,trust_v2,121,3,False,413,0.22680012791253373,0.7193036330136533,0.7620696773609115,0.6641747532566014,0.8604893633885945,0.10077076259303251,0.08753908425569534,0.7481414226576228,0.614730286077689,1.0777429158098655,True,True,0.11614116321982919,False,D:\TrustFed-IncBoost\outputs\ehms_unseen_confirmation\unseen_confirmation_20260827T071608Z\runs\confirm_clean_trust_v2_seed121_20260827T071827Z
confirm_clean_trust_v2,clean,trust_v2,121,4,False,452,0.11971151489232426,0.7469863869231086,0.7097445871872885,0.5795415364396999,0.7757945339236609,0.07640349898951697,0.08122345805168152,0.6987334185429077,0.4810256153941447,0.9999876884373994,True,True,0.06130258707686599,False,D:\TrustFed-IncBoost\outputs\ehms_unseen_confirmation\unseen_confirmation_20260827T071608Z\runs\confirm_clean_trust_v2_seed121_20260827T071827Z
confirm_clean_trust_v2,clean,trust_v2,132,0,False,2270,0.4,0.7967703948347975,0.7801576587719484,0.7374517415542545,0.8986565707253825,0.06871960079561672,0.2378472536802292,0.8011442706792891,0.6683911774057968,1.3209128724394883,True,True,0.17544379260161827,False,D:\TrustFed-IncBoost\outputs\ehms_unseen_confirmation\unseen_confirmation_20260827T071608Z\runs\confirm_clean_trust_v2_seed132_20260827T071835Z
confirm_clean_trust_v2,clean,trust_v2,132,1,False,6425,0.13106233106905077,0.7439188410252469,0.686607250136055,0.5512105652464456,0.7017130745423804,0.08317866830306653,0.22517967224121094,0.6666958645015328,0.3880264019720446,1.2505619597147575,True,True,0.033338537787299095,False,D:\TrustFed-IncBoost\outputs\ehms_unseen_confirmation\unseen_confirmation_20260827T071608Z\runs\confirm_clean_trust_v2_seed132_20260827T071835Z
confirm_clean_trust_v2,clean,trust_v2,132,2,False,341,0.06813905549294047,0.4473549762524993,0.6610831148209141,0.5475519942342473,0.7408112877272588,0.25072140354872735,0.18006178736686707,0.5885187764217011,0.39390675196620945,0.9999944463816504,True,True,0.017332642093367268,False,D:\TrustFed-IncBoost\outputs\ehms_unseen_confirmation\unseen_confirmation_20260827T071608Z\runs\confirm_clean_trust_v2_seed132_20260827T071835Z
confirm_clean_trust_v2,clean,trust_v2,132,3,False,499,0.12509864001012252,0.47408282389588785,0.6735612930280992,0.6370666054463674,0.820031365268737,0.2502586574052634,0.17951464653015137,0.6390894698432985,0.47135997948739733,0.9969558349910529,True,True,0.03182154401725004,False,D:\TrustFed-IncBoost\outputs\ehms_unseen_confirmation\unseen_confirmation_20260827T071608Z\runs\confirm_clean_trust_v2_seed132_20260827T071835Z
confirm_clean_trust_v2,clean,trust_v2,132,4,False,255,0.27569997342788627,0.623409610034927,0.7291282355740574,0.6055158108459091,0.8328723565494434,0.167900968711418,0.053422603756189346,0.6919430255970009,0.5523421248738954,0.29668875250355875,True,True,0.07013024953173155,False,D:\TrustFed-IncBoost\outputs\ehms_unseen_confirmation\unseen_confirmation_20260827T071608Z\runs\confirm_clean_trust_v2_seed132_20260827T071835Z
confirm_clean_trust_v2,clean,trust_v2,143,0,False,486,0.25764460608138795,0.7697929051246825,0.7108017505525985,0.5561463995625088,0.7767678397133284,0.06720207023190422,0.03817841038107872,0.6972695338401577,0.4830865144391039,0.5927187287107574,True,True,0.06518376981922407,False,D:\TrustFed-IncBoost\outputs\ehms_unseen_confirmation\unseen_confirmation_20260827T071608Z\runs\confirm_clean_trust_v2_seed143_20260827T071841Z
confirm_clean_trust_v2,clean,trust_v2,143,1,False,709,0.006522482557126851,0.5156863729272082,0.5210843892142905,0.25137190689344036,0.7475632644960273,0.09923094608891539,0.06441135704517365,0.47403957749210746,0.14449526253541425,0.9999844750286144,True,True,0.0016501800993239343,False,D:\TrustFed-IncBoost\outputs\ehms_unseen_confirmation\unseen_confirmation_20260827T071608Z\runs\confirm_clean_trust_v2_seed143_20260827T071841Z
confirm_clean_trust_v2,clean,trust_v2,143,2,False,293,0.21518405436097487,0.5818207668350541,0.7427092783094063,0.6497890218477385,0.8432278464378575,0.21558651679240493,0.3542875647544861,0.6975596392198914,0.5772506661914705,3.0,True,True,0.05444130223243377,False,D:\TrustFed-IncBoost\outputs\ehms_unseen_confirmation\unseen_confirmation_20260827T071608Z\runs\confirm_clean_trust_v2_seed143_20260827T071841Z
confirm_clean_trust_v2,clean,trust_v2,143,3,False,703,0.12064885700051034,0.6926944813829787,0.6417847008808045,0.5122409084610047,0.7507161804675088,0.07567521174518907,0.040282756090164185,0.6430137810344262,0.37708205289333796,0.6253886356295438,True,True,0.030524013070894487,False,D:\TrustFed-IncBoost\outputs\ehms_unseen_confirmation\unseen_confirmation_20260827T071608Z\runs\confirm_clean_trust_v2_seed143_20260827T071841Z
confirm_clean_trust_v2,clean,trust_v2,143,4,False,7599,0.4,0.8888696298130494,0.898565645269312,0.8933073041389336,0.9715077535994809,0.036682180142230354,0.09812968969345093,0.9124493340263261,0.8670104775903482,1.5234606245604498,True,True,0.4556697265378162,False,D:\TrustFed-IncBoost\outputs\ehms_unseen_confirmation\unseen_confirmation_20260827T071608Z\runs\confirm_clean_trust_v2_seed143_20260827T071841Z
confirm_clean_trust_v2,clean,trust_v2,154,0,False,4927,0.38851529925350825,0.7772541411224599,0.7182483807378204,0.6331189666079057,0.8167082998703199,0.06584264417158336,0.091086745262146,0.7329890694231999,0.5258177388142221,0.9923628478992824,True,True,0.08643208637979112,False,D:\TrustFed-IncBoost\outputs\ehms_unseen_confirmation\unseen_confirmation_20260827T071608Z\runs\confirm_clean_trust_v2_seed154_20260827T071848Z
confirm_clean_trust_v2,clean,trust_v2,154,1,False,1516,0.0461056462714278,0.5936788962273938,0.5704131334939558,0.39513660366893405,0.7644842697762063,0.09212180088978687,0.08130441606044769,0.5655411829963211,0.272933443863543,0.8857872968929611,True,True,0.01025701486861629,False,D:\TrustFed-IncBoost\outputs\ehms_unseen_confirmation\unseen_confirmation_20260827T071608Z\runs\confirm_clean_trust_v2_seed154_20260827T071848Z
confirm_clean_trust_v2,clean,trust_v2,154,2,False,388,0.0,0.22268724201687945,0.5289824462592697,0.43698122859844346,0.7047510525638753,0.25685360609490354,0.3386615216732025,0.4364241532270409,0.15406734082811221,3.0,False,False,0.0,False,D:\TrustFed-IncBoost\outputs\ehms_unseen_confirmation\unseen_confirmation_20260827T071608Z\runs\confirm_clean_trust_v2_seed154_20260827T071848Z
confirm_clean_trust_v2,clean,trust_v2,154,3,False,534,0.16537905447506396,0.519814562534312,0.7101729298997674,0.5932077402085676,0.8329174358813897,0.22646336508143988,0.29184865951538086,0.6535146529243171,0.5290377412393548,3.0,True,True,0.03679148993427402,False,D:\TrustFed-IncBoost\outputs\ehms_unseen_confirmation\unseen_confirmation_20260827T071608Z\runs\confirm_clean_trust_v2_seed154_20260827T071848Z
confirm_clean_trust_v2,clean,trust_v2,154,4,False,2425,0.4,0.8106836634726664,0.7981215515712841,0.7525661218069536,0.9112143684095246,0.06121285689435105,0.09178674221038818,0.8161526980570472,0.7002624237774097,0.9999891052990746,True,True,0.21342147658386523,False,D:\TrustFed-IncBoost\outputs\ehms_unseen_confirmation\unseen_confirmation_20260827T071608Z\runs\confirm_clean_trust_v2_seed154_20260827T071848Z
confirm_clean_trust_v2,clean,trust_v2,165,0,False,5192,0.39038849389431635,0.8299040325803972,0.7915486579628053,0.7829720497579207,0.925144744551132,0.05245450732945841,0.08208347856998444,0.8305491903997665,0.7041317482227946,0.9999878174288559,True,True,0.2314267760132126,False,D:\TrustFed-IncBoost\outputs\ehms_unseen_confirmation\unseen_confirmation_20260827T071608Z\runs\confirm_clean_trust_v2_seed165_20260827T071854Z
confirm_clean_trust_v2,clean,trust_v2,165,1,False,1588,0.20786705458979696,0.7781525278316035,0.7338452800356137,0.683590944472412,0.8673070477740168,0.06553545782186404,0.06732607632875443,0.7627981016993883,0.5861502177625442,0.8202047147239031,True,True,0.12322597370429197,False,D:\TrustFed-IncBoost\outputs\ehms_unseen_confirmation\unseen_confirmation_20260827T071608Z\runs\confirm_clean_trust_v2_seed165_20260827T071854Z
confirm_clean_trust_v2,clean,trust_v2,165,2,False,676,0.17596306304516204,0.6662235402392882,0.7892767505583826,0.643405175147134,0.8814454925578828,0.15209469984823282,0.18949241936206818,0.7389793859202142,0.6643592781087235,2.3085048801340533,True,True,0.10431292165331003,False,D:\TrustFed-IncBoost\outputs\ehms_unseen_confirmation\unseen_confirmation_20260827T071608Z\runs\confirm_clean_trust_v2_seed165_20260827T071854Z
confirm_clean_trust_v2,clean,trust_v2,165,3,False,515,0.15474904794971892,0.6328822476840092,0.7758550993831567,0.6754500493806878,0.8771882246288749,0.16399397356431236,0.21197715401649475,0.7344248968222418,0.6451334596535967,2.5824267597163946,True,True,0.09173701023015447,False,D:\TrustFed-IncBoost\outputs\ehms_unseen_confirmation\unseen_confirmation_20260827T071608Z\runs\confirm_clean_trust_v2_seed165_20260827T071854Z
confirm_clean_trust_v2,clean,trust_v2,165,4,False,1819,0.0710323405210057,0.7135735382487072,0.6577901095274279,0.5708754023475416,0.7778511201339265,0.07658453219073445,0.07991503924131393,0.6756798566899845,0.4187703842358043,0.9735706510358002,True,True,0.04210878603378931,False,D:\TrustFed-IncBoost\outputs\ehms_unseen_confirmation\unseen_confirmation_20260827T071608Z\runs\confirm_clean_trust_v2_seed165_20260827T071854Z
confirm_clean_trust_v2,clean,trust_v2,176,0,False,2217,0.3295054990358556,0.8164045331675389,0.8109266089903735,0.7791596524149884,0.9205205324689736,0.06017684819747716,0.05252475291490555,0.830112060127591,0.7231902188813237,0.9999809617198325,True,True,0.24000356359910627,False,D:\TrustFed-IncBoost\outputs\ehms_unseen_confirmation\unseen_confirmation_20260827T071608Z\runs\confirm_clean_trust_v2_seed176_20260827T071901Z
confirm_clean_trust_v2,clean,trust_v2,176,1,False,368,0.08322994081579452,0.7492168718583814,0.6902998248191872,0.5974125648655582,0.8015783085132495,0.07182210593847595,0.07411413639783859,0.7054502719012318,0.47912545029183395,1.4110056931103367,True,True,0.06062260706538234,False,D:\TrustFed-IncBoost\outputs\ehms_unseen_confirmation\unseen_confirmation_20260827T071608Z\runs\confirm_clean_trust_v2_seed176_20260827T071901Z
confirm_clean_trust_v2,clean,trust_v2,176,2,False,1130,0.19090022302523524,0.7659501235958572,0.7573157323129583,0.6999361443288658,0.8761024454703488,0.07537083839627626,0.051429253071546555,0.772276279578563,0.6221802831363182,0.9791245287785711,True,True,0.13904694747730148,False,D:\TrustFed-IncBoost\outputs\ehms_unseen_confirmation\unseen_confirmation_20260827T071608Z\runs\confirm_clean_trust_v2_seed176_20260827T071901Z
confirm_clean_trust_v2,clean,trust_v2,176,3,False,5745,0.38248226493529586,0.8496728115981664,0.8108030409506165,0.8198002481356572,0.936717192265145,0.04704579549653013,0.05022662132978439,0.8528465693115215,0.7368392806885967,0.9562284887406399,True,True,0.2785905147760204,False,D:\TrustFed-IncBoost\outputs\ehms_unseen_confirmation\unseen_confirmation_20260827T071608Z\runs\confirm_clean_trust_v2_seed176_20260827T071901Z
confirm_clean_trust_v2,clean,trust_v2,176,4,False,330,0.013882072187818695,0.4729823503286588,0.6717780684382009,0.49104907658438035,0.6767972845292815,0.2499989479633095,0.41423025727272034,0.5700508080765543,0.34853921467495724,3.0,True,True,0.010111354150280753,False,D:\TrustFed-IncBoost\outputs\ehms_unseen_confirmation\unseen_confirmation_20260827T071608Z\runs\confirm_clean_trust_v2_seed176_20260827T071901Z
confirm_clean_trust_v2,clean,trust_v2,187,0,False,2053,0.17981169787652154,0.7881763986647261,0.7367038376532047,0.6834861043073294,0.8635167604313174,0.0659011566726109,0.03523775562644005,0.7651193840513303,0.5866713296057801,0.819426334604051,True,True,0.12449419272240958,False,D:\TrustFed-IncBoost\outputs\ehms_unseen_confirmation\unseen_confirmation_20260827T071608Z\runs\confirm_clean_trust_v2_seed187_20260827T071909Z
confirm_clean_trust_v2,clean,trust_v2,187,1,False,3024,0.4,0.8377462782355145,0.8828712075547518,0.8515281828976504,0.9539741142589244,0.05996611074729876,0.10948634892702103,0.8804128434261236,0.8338192066027581,2.546019063800197,True,True,0.32624569715695756,False,D:\TrustFed-IncBoost\outputs\ehms_unseen_confirmation\unseen_confirmation_20260827T071608Z\runs\confirm_clean_trust_v2_seed187_20260827T071909Z
confirm_clean_trust_v2,clean,trust_v2,187,2,False,548,0.09790288103794581,0.7703058366525454,0.713813542294555,0.5958325820475764,0.784161727278816,0.07138482149749488,0.0493738129734993,0.7119417559157261,0.49298123896969104,1.1481492470520271,True,True,0.0677839110800623,False,D:\TrustFed-IncBoost\outputs\ehms_unseen_confirmation\unseen_confirmation_20260827T071608Z\runs\confirm_clean_trust_v2_seed187_20260827T071909Z
confirm_clean_trust_v2,clean,trust_v2,187,3,False,1930,0.17170149763885437,0.7761062382337321,0.7402099658428772,0.6752757358950146,0.8592496316388722,0.07100150373115086,0.04300195723772049,0.7598347480494647,0.5875213757644558,0.9999767457853079,True,True,0.11887902505907535,False,D:\TrustFed-IncBoost\outputs\ehms_unseen_confirmation\unseen_confirmation_20260827T071608Z\runs\confirm_clean_trust_v2_seed187_20260827T071909Z
confirm_clean_trust_v2,clean,trust_v2,187,4,False,2235,0.15058392344667829,0.7845900016498928,0.7280992565802693,0.6541183680122816,0.837813944143058,0.06748013744425624,0.03353454917669296,0.748013302731872,0.5551760424279136,0.7798196061567083,True,True,0.10425808892222889,False,D:\TrustFed-IncBoost\outputs\ehms_unseen_confirmation\unseen_confirmation_20260827T071608Z\runs\confirm_clean_trust_v2_seed187_20260827T071909Z
confirm_clean_trust_v2,clean,trust_v2,198,0,False,924,0.17588716949738092,0.7808971692336564,0.7404286752655155,0.6797686937863704,0.8635125136336975,0.07112900049421662,0.06619548052549362,0.7632674083889619,0.5912658694543007,0.7330911129736001,True,True,0.12530724111938418,False,D:\TrustFed-IncBoost\outputs\ehms_unseen_confirmation\unseen_confirmation_20260827T071608Z\runs\confirm_clean_trust_v2_seed198_20260827T071916Z
confirm_clean_trust_v2,clean,trust_v2,198,1,False,5830,0.11255740075002056,0.7591649781198386,0.7013855181376104,0.6250667534082623,0.8331190555243294,0.07291998482366435,0.09029538929462433,0.7256573639768437,0.5180168089870385,0.9999889253600525,True,True,0.08018923379038174,False,D:\TrustFed-IncBoost\outputs\ehms_unseen_confirmation\unseen_confirmation_20260827T071608Z\runs\confirm_clean_trust_v2_seed198_20260827T071916Z
confirm_clean_trust_v2,clean,trust_v2,198,2,False,1023,0.2522919147844064,0.734525646605732,0.8155916474074969,0.7241622230701523,0.9013915548982194,0.11200377031078157,0.09770961850881577,0.790782902725302,0.7118309407880098,1.0820988443956836,True,True,0.17974024989259657,False,D:\TrustFed-IncBoost\outputs\ehms_unseen_confirmation\unseen_confirmation_20260827T071608Z\runs\confirm_clean_trust_v2_seed198_20260827T071916Z
confirm_clean_trust_v2,clean,trust_v2,198,3,False,1749,0.3390397230236463,0.8038150851924488,0.8166672513078967,0.776556741472931,0.9161424610241446,0.0693468389570689,0.06379211694002151,0.8266741829579355,0.7260266917545647,0.7064747266014909,True,True,0.24154196376789094,False,D:\TrustFed-IncBoost\outputs\ehms_unseen_confirmation\unseen_confirmation_20260827T071608Z\runs\confirm_clean_trust_v2_seed198_20260827T071916Z
confirm_clean_trust_v2,clean,trust_v2,198,4,False,264,0.12022379194454565,0.6398183958298301,0.7606775203271599,0.6747079019017286,0.8609815609594533,0.15915706542113592,0.19377544522285461,0.7291917357075115,0.6135137429422027,2.145993286515508,True,True,0.08565099846982406,False,D:\TrustFed-IncBoost\outputs\ehms_unseen_confirmation\unseen_confirmation_20260827T071608Z\runs\confirm_clean_trust_v2_seed198_20260827T071916Z
confirm_clean_trust_v2,clean,trust_v2,209,0,False,396,0.004719383843418559,0.29803085140450625,0.5427826699542092,0.4923739673735006,0.7289832791165075,0.254832930548261,0.31896719336509705,0.4908795746250194,0.19795470244956653,2.7137772194573944,True,True,0.002122528901009496,False,D:\TrustFed-IncBoost\outputs\ehms_unseen_confirmation\unseen_confirmation_20260827T071608Z\runs\confirm_clean_trust_v2_seed209_20260827T071923Z
confirm_clean_trust_v2,clean,trust_v2,209,1,False,552,0.2202377097656924,0.6454134528639646,0.762190912293061,0.6662544656382805,0.8694312413235812,0.15302839075394115,0.13671332597732544,0.7306245964135353,0.6224516501454157,1.163158836867755,True,True,0.09905125744788135,False,D:\TrustFed-IncBoost\outputs\ehms_unseen_confirmation\unseen_confirmation_20260827T071608Z\runs\confirm_clean_trust_v2_seed209_20260827T071923Z
confirm_clean_trust_v2,clean,trust_v2,209,2,False,1735,0.4,0.785760096558737,0.7877632969355407,0.7368594064729489,0.8987423077719994,0.0722208679545984,0.09933211654424667,0.8001591626706348,0.6774759069137636,0.8451189985852656,True,True,0.18701806429514548,False,D:\TrustFed-IncBoost\outputs\ehms_unseen_confirmation\unseen_confirmation_20260827T071608Z\runs\confirm_clean_trust_v2_seed209_20260827T071923Z
confirm_clean_trust_v2,clean,trust_v2,209,3,False,6886,0.2262189602779144,0.7830093961839454,0.728185980979218,0.6682665990668508,0.8326738909723806,0.06621862721097642,0.11753524839878082,0.7505134806418766,0.5510408992360045,0.9999914919863989,True,True,0.10174130714453264,False,D:\TrustFed-IncBoost\outputs\ehms_unseen_confirmation\unseen_confirmation_20260827T071608Z\runs\confirm_clean_trust_v2_seed209_20260827T071923Z
confirm_clean_trust_v2,clean,trust_v2,209,4,False,221,0.14882394611297467,0.7057509634634455,0.7076083127861923,0.5691097620976808,0.8135076559683403,0.1014253908957488,0.06716226041316986,0.693426638541308,0.5102422777510353,0.5714174250763863,True,True,0.06693312882943078,False,D:\TrustFed-IncBoost\outputs\ehms_unseen_confirmation\unseen_confirmation_20260827T071608Z\runs\confirm_clean_trust_v2_seed209_20260827T071923Z
confirm_clean_trust_v2,clean,trust_v2,220,0,False,363,0.00120151903297667,0.28406012274060527,0.568877768212735,0.5032691248025356,0.5400886137672978,0.2564279336161968,0.3329885005950928,0.45779773045826627,0.10509451454826348,3.0,True,True,0.00047006962099595945,False,D:\TrustFed-IncBoost\outputs\ehms_unseen_confirmation\unseen_confirmation_20260827T071608Z\runs\confirm_clean_trust_v2_seed220_20260827T071930Z
confirm_clean_trust_v2,clean,trust_v2,220,1,False,1503,0.0,0.4690947942496751,0.5008784837276262,0.14308090082832017,0.49925610531140807,0.10908371187632894,0.09866245090961456,0.35993535681622885,0.0,0.8952309404880842,False,False,0.0,False,D:\TrustFed-IncBoost\outputs\ehms_unseen_confirmation\unseen_confirmation_20260827T071608Z\runs\confirm_clean_trust_v2_seed220_20260827T071930Z
confirm_clean_trust_v2,clean,trust_v2,220,2,False,4742,0.4,0.853026947233464,0.8422680962057931,0.8412898631425836,0.956229752519567,0.046766363236673276,0.1102079376578331,0.8719272535174573,0.7903237028643703,0.9999909263257477,True,True,0.3411936742222061,False,D:\TrustFed-IncBoost\outputs\ehms_unseen_confirmation\unseen_confirmation_20260827T071608Z\runs\confirm_clean_trust_v2_seed220_20260827T071930Z
confirm_clean_trust_v2,clean,trust_v2,220,3,False,269,0.25571335376865556,0.6500032168821978,0.7716608803413143,0.6653325295087873,0.866166035574506,0.14985317598086312,0.16534297168254852,0.7332388614798157,0.6307867708671745,1.5002682649558847,True,True,0.10004259274349057,False,D:\TrustFed-IncBoost\outputs\ehms_unseen_confirmation\unseen_confirmation_20260827T071608Z\runs\confirm_clean_trust_v2_seed220_20260827T071930Z
confirm_clean_trust_v2,clean,trust_v2,220,4,False,2913,0.3430851271983677,0.7909868710817067,0.7430888743454371,0.6888098432525976,0.8733482742933216,0.06348396036586905,0.09728597849607468,0.7711239844479464,0.6025174246004013,0.8827412781903363,True,True,0.13422500292146325,False,D:\TrustFed-IncBoost\outputs\ehms_unseen_confirmation\unseen_confirmation_20260827T071608Z\runs\confirm_clean_trust_v2_seed220_20260827T071930Z
confirm_largest_flip_uniform,largest_flip,uniform,121,0,False,3171,0.2,0.7713315217391304,0.725507223906702,0.667547359021285,0.8722626719962231,0.06649053141924285,0.13215653598308563,,,,,,,,D:\TrustFed-IncBoost\outputs\ehms_unseen_confirmation\unseen_confirmation_20260827T071608Z\runs\confirm_largest_flip_uniform_seed121_20260827T071937Z
confirm_largest_flip_uniform,largest_flip,uniform,121,1,False,275,0.2,0.4340757905102276,0.6788412308383773,0.5757042412150226,0.6788412308383773,0.2516621405005809,0.2953586280345917,,,,,,,,D:\TrustFed-IncBoost\outputs\ehms_unseen_confirmation\unseen_confirmation_20260827T071608Z\runs\confirm_largest_flip_uniform_seed121_20260827T071937Z
confirm_largest_flip_uniform,largest_flip,uniform,121,2,True,5479,0.2,0.2089932217639686,0.23386782781084314,0.07009151225950852,0.13823892939673169,0.25664719222643173,0.2992083728313446,,,,,,,,D:\TrustFed-IncBoost\outputs\ehms_unseen_confirmation\unseen_confirmation_20260827T071608Z\runs\confirm_largest_flip_uniform_seed121_20260827T071937Z
confirm_largest_flip_uniform,largest_flip,uniform,121,3,False,413,0.2,0.7193036330136533,0.7620696773609115,0.6641747532566014,0.8604893633885945,0.10077076259303251,0.06657231599092484,,,,,,,,D:\TrustFed-IncBoost\outputs\ehms_unseen_confirmation\unseen_confirmation_20260827T071608Z\runs\confirm_largest_flip_uniform_seed121_20260827T071937Z
confirm_largest_flip_uniform,largest_flip,uniform,121,4,False,452,0.2,0.7469863869231086,0.7097445871872885,0.5795415364396999,0.7757945339236609,0.07640349898951697,0.11867819726467133,,,,,,,,D:\TrustFed-IncBoost\outputs\ehms_unseen_confirmation\unseen_confirmation_20260827T071608Z\runs\confirm_largest_flip_uniform_seed121_20260827T071937Z
confirm_largest_flip_uniform,largest_flip,uniform,132,0,False,2270,0.2,0.7967703948347975,0.7801576587719484,0.7374517415542545,0.8986565707253825,0.06871960079561672,0.41607505083084106,,,,,,,,D:\TrustFed-IncBoost\outputs\ehms_unseen_confirmation\unseen_confirmation_20260827T071608Z\runs\confirm_largest_flip_uniform_seed132_20260827T071943Z
confirm_largest_flip_uniform,largest_flip,uniform,132,1,True,6425,0.2,0.09394935189566882,0.3233583297405415,0.2971168191537363,0.3038268926159687,0.26210309558236866,0.013934324495494366,,,,,,,,D:\TrustFed-IncBoost\outputs\ehms_unseen_confirmation\unseen_confirmation_20260827T071608Z\runs\confirm_largest_flip_uniform_seed132_20260827T071943Z
confirm_largest_flip_uniform,largest_flip,uniform,132,2,False,341,0.2,0.4473549762524993,0.6610831148209141,0.5475519942342473,0.7408112877272588,0.25072140354872735,0.00274307350628078,,,,,,,,D:\TrustFed-IncBoost\outputs\ehms_unseen_confirmation\unseen_confirmation_20260827T071608Z\runs\confirm_largest_flip_uniform_seed132_20260827T071943Z
confirm_largest_flip_uniform,largest_flip,uniform,132,3,False,499,0.2,0.47408282389588785,0.6735612930280992,0.6370666054463674,0.820031365268737,0.2502586574052634,0.003348051803186536,,,,,,,,D:\TrustFed-IncBoost\outputs\ehms_unseen_confirmation\unseen_confirmation_20260827T071608Z\runs\confirm_largest_flip_uniform_seed132_20260827T071943Z
confirm_largest_flip_uniform,largest_flip,uniform,132,4,False,255,0.2,0.623409610034927,0.7291282355740574,0.6055158108459091,0.8328723565494434,0.167900968711418,0.2286800891160965,,,,,,,,D:\TrustFed-IncBoost\outputs\ehms_unseen_confirmation\unseen_confirmation_20260827T071608Z\runs\confirm_largest_flip_uniform_seed132_20260827T071943Z
confirm_largest_flip_uniform,largest_flip,uniform,143,0,False,486,0.2,0.7697929051246825,0.7108017505525985,0.5561463995625088,0.7767678397133284,0.06720207023190422,0.0717863067984581,,,,,,,,D:\TrustFed-IncBoost\outputs\ehms_unseen_confirmation\unseen_confirmation_20260827T071608Z\runs\confirm_largest_flip_uniform_seed143_20260827T071949Z
confirm_largest_flip_uniform,largest_flip,uniform,143,1,False,709,0.2,0.5156863729272082,0.5210843892142905,0.25137190689344036,0.7475632644960273,0.09923094608891539,0.05162501707673073,,,,,,,,D:\TrustFed-IncBoost\outputs\ehms_unseen_confirmation\unseen_confirmation_20260827T071608Z\runs\confirm_largest_flip_uniform_seed143_20260827T071949Z
confirm_largest_flip_uniform,largest_flip,uniform,143,2,False,293,0.2,0.5818207668350541,0.7427092783094063,0.6497890218477385,0.8432278464378575,0.21558651679240493,0.3217025399208069,,,,,,,,D:\TrustFed-IncBoost\outputs\ehms_unseen_confirmation\unseen_confirmation_20260827T071608Z\runs\confirm_largest_flip_uniform_seed143_20260827T071949Z
confirm_largest_flip_uniform,largest_flip,uniform,143,3,False,703,0.2,0.6926944813829787,0.6417847008808045,0.5122409084610047,0.7507161804675088,0.07567521174518907,0.05204623192548752,,,,,,,,D:\TrustFed-IncBoost\outputs\ehms_unseen_confirmation\unseen_confirmation_20260827T071608Z\runs\confirm_largest_flip_uniform_seed143_20260827T071949Z
confirm_largest_flip_uniform,largest_flip,uniform,143,4,True,7599,0.2,0.2680847524587778,0.2672891538421802,0.06709850084083312,0.1672509092161392,0.25687848251647233,0.3668990731239319,,,,,,,,D:\TrustFed-IncBoost\outputs\ehms_unseen_confirmation\unseen_confirmation_20260827T071608Z\runs\confirm_largest_flip_uniform_seed143_20260827T071949Z
confirm_largest_flip_uniform,largest_flip,uniform,154,0,True,4927,0.2,0.1252629382417454,0.27778560030038485,0.10166817642483275,0.19403550034592937,0.26148965358038695,0.08392638713121414,,,,,,,,D:\TrustFed-IncBoost\outputs\ehms_unseen_confirmation\unseen_confirmation_20260827T071608Z\runs\confirm_largest_flip_uniform_seed154_20260827T071954Z
confirm_largest_flip_uniform,largest_flip,uniform,154,1,False,1516,0.2,0.5936788962273938,0.5704131334939558,0.39513660366893405,0.7644842697762063,0.09212180088978687,0.31712043285369873,,,,,,,,D:\TrustFed-IncBoost\outputs\ehms_unseen_confirmation\unseen_confirmation_20260827T071608Z\runs\confirm_largest_flip_uniform_seed154_20260827T071954Z
confirm_largest_flip_uniform,largest_flip,uniform,154,2,False,388,0.2,0.22268724201687945,0.5289824462592697,0.43698122859844346,0.7047510525638753,0.25685360609490354,0.07918000966310501,,,,,,,,D:\TrustFed-IncBoost\outputs\ehms_unseen_confirmation\unseen_confirmation_20260827T071608Z\runs\confirm_largest_flip_uniform_seed154_20260827T071954Z
confirm_largest_flip_uniform,largest_flip,uniform,154,3,False,534,0.2,0.519814562534312,0.7101729298997674,0.5932077402085676,0.8329174358813897,0.22646336508143988,0.057497624307870865,,,,,,,,D:\TrustFed-IncBoost\outputs\ehms_unseen_confirmation\unseen_confirmation_20260827T071608Z\runs\confirm_largest_flip_uniform_seed154_20260827T071954Z
confirm_largest_flip_uniform,largest_flip,uniform,154,4,False,2425,0.2,0.8106836634726664,0.7981215515712841,0.7525661218069536,0.9112143684095246,0.06121285689435105,0.34980323910713196,,,,,,,,D:\TrustFed-IncBoost\outputs\ehms_unseen_confirmation\unseen_confirmation_20260827T071608Z\runs\confirm_largest_flip_uniform_seed154_20260827T071954Z
confirm_largest_flip_uniform,largest_flip,uniform,165,0,True,5192,0.2,0.17372568710860153,0.24848987235871575,0.087959791103634,0.14695036513406726,0.25875503173274367,0.22717343270778656,,,,,,,,D:\TrustFed-IncBoost\outputs\ehms_unseen_confirmation\unseen_confirmation_20260827T071608Z\runs\confirm_largest_flip_uniform_seed165_20260827T072000Z
confirm_largest_flip_uniform,largest_flip,uniform,165,1,False,1588,0.2,0.7781525278316035,0.7338452800356137,0.683590944472412,0.8673070477740168,0.06553545782186404,0.20101802051067352,,,,,,,,D:\TrustFed-IncBoost\outputs\ehms_unseen_confirmation\unseen_confirmation_20260827T071608Z\runs\confirm_largest_flip_uniform_seed165_20260827T072000Z
confirm_largest_flip_uniform,largest_flip,uniform,165,2,False,676,0.2,0.6662235402392882,0.7892767505583826,0.643405175147134,0.8814454925578828,0.15209469984823282,0.05911700427532196,,,,,,,,D:\TrustFed-IncBoost\outputs\ehms_unseen_confirmation\unseen_confirmation_20260827T071608Z\runs\confirm_largest_flip_uniform_seed165_20260827T072000Z
confirm_largest_flip_uniform,largest_flip,uniform,165,3,False,515,0.2,0.6328822476840092,0.7758550993831567,0.6754500493806878,0.8771882246288749,0.16399397356431236,0.07752671837806702,,,,,,,,D:\TrustFed-IncBoost\outputs\ehms_unseen_confirmation\unseen_confirmation_20260827T071608Z\runs\confirm_largest_flip_uniform_seed165_20260827T072000Z
confirm_largest_flip_uniform,largest_flip,uniform,165,4,False,1819,0.2,0.7135735382487072,0.6577901095274279,0.5708754023475416,0.7778511201339265,0.07658453219073445,0.21104899048805237,,,,,,,,D:\TrustFed-IncBoost\outputs\ehms_unseen_confirmation\unseen_confirmation_20260827T071608Z\runs\confirm_largest_flip_uniform_seed165_20260827T072000Z
confirm_largest_flip_uniform,largest_flip,uniform,176,0,False,2217,0.2,0.8164045331675389,0.8109266089903735,0.7791596524149884,0.9205205324689736,0.06017684819747716,0.08956976234912872,,,,,,,,D:\TrustFed-IncBoost\outputs\ehms_unseen_confirmation\unseen_confirmation_20260827T071608Z\runs\confirm_largest_flip_uniform_seed176_20260827T072006Z
confirm_largest_flip_uniform,largest_flip,uniform,176,1,False,368,0.2,0.7492168718583814,0.6902998248191872,0.5974125648655582,0.8015783085132495,0.07182210593847595,0.09404304623603821,,,,,,,,D:\TrustFed-IncBoost\outputs\ehms_unseen_confirmation\unseen_confirmation_20260827T071608Z\runs\confirm_largest_flip_uniform_seed176_20260827T072006Z
confirm_largest_flip_uniform,largest_flip,uniform,176,2,False,1130,0.2,0.7659501235958572,0.7573157323129583,0.6999361443288658,0.8761024454703488,0.07537083839627626,0.07476233690977097,,,,,,,,D:\TrustFed-IncBoost\outputs\ehms_unseen_confirmation\unseen_confirmation_20260827T071608Z\runs\confirm_largest_flip_uniform_seed176_20260827T072006Z
confirm_largest_flip_uniform,largest_flip,uniform,176,3,True,5745,0.2,0.24782879378836004,0.2419907735863648,0.07647789649921241,0.140111866902931,0.25750583775803815,0.3411412239074707,,,,,,,,D:\TrustFed-IncBoost\outputs\ehms_unseen_confirmation\unseen_confirmation_20260827T071608Z\runs\confirm_largest_flip_uniform_seed176_20260827T072006Z
confirm_largest_flip_uniform,largest_flip,uniform,176,4,False,330,0.2,0.4729823503286588,0.6717780684382009,0.49104907658438035,0.6767972845292815,0.2499989479633095,0.33392325043678284,,,,,,,,D:\TrustFed-IncBoost\outputs\ehms_unseen_confirmation\unseen_confirmation_20260827T071608Z\runs\confirm_largest_flip_uniform_seed176_20260827T072006Z
confirm_largest_flip_uniform,largest_flip,uniform,187,0,False,2053,0.2,0.7881763986647261,0.7367038376532047,0.6834861043073294,0.8635167604313174,0.0659011566726109,0.03364455699920654,,,,,,,,D:\TrustFed-IncBoost\outputs\ehms_unseen_confirmation\unseen_confirmation_20260827T071608Z\runs\confirm_largest_flip_uniform_seed187_20260827T072013Z
confirm_largest_flip_uniform,largest_flip,uniform,187,1,True,3024,0.2,0.25398408955455937,0.24078762306610407,0.07903970875796543,0.13902869868059745,0.2568647957314858,0.42359158396720886,,,,,,,,D:\TrustFed-IncBoost\outputs\ehms_unseen_confirmation\unseen_confirmation_20260827T071608Z\runs\confirm_largest_flip_uniform_seed187_20260827T072013Z
confirm_largest_flip_uniform,largest_flip,uniform,187,2,False,548,0.2,0.7703058366525454,0.713813542294555,0.5958325820475764,0.784161727278816,0.07138482149749488,0.048311784863471985,,,,,,,,D:\TrustFed-IncBoost\outputs\ehms_unseen_confirmation\unseen_confirmation_20260827T071608Z\runs\confirm_largest_flip_uniform_seed187_20260827T072013Z
confirm_largest_flip_uniform,largest_flip,uniform,187,3,False,1930,0.2,0.7761062382337321,0.7402099658428772,0.6752757358950146,0.8592496316388722,0.07100150373115086,0.04440685361623764,,,,,,,,D:\TrustFed-IncBoost\outputs\ehms_unseen_confirmation\unseen_confirmation_20260827T071608Z\runs\confirm_largest_flip_uniform_seed187_20260827T072013Z
confirm_largest_flip_uniform,largest_flip,uniform,187,4,False,2235,0.2,0.7845900016498928,0.7280992565802693,0.6541183680122816,0.837813944143058,0.06748013744425624,0.03478487953543663,,,,,,,,D:\TrustFed-IncBoost\outputs\ehms_unseen_confirmation\unseen_confirmation_20260827T071608Z\runs\confirm_largest_flip_uniform_seed187_20260827T072013Z
confirm_largest_flip_uniform,largest_flip,uniform,198,0,False,924,0.2,0.7808971692336564,0.7404286752655155,0.6797686937863704,0.8635125136336975,0.07112900049421662,0.12072359025478363,,,,,,,,D:\TrustFed-IncBoost\outputs\ehms_unseen_confirmation\unseen_confirmation_20260827T071608Z\runs\confirm_largest_flip_uniform_seed198_20260827T072019Z
confirm_largest_flip_uniform,largest_flip,uniform,198,1,True,5830,0.2,0.19045377921804574,0.27192425007525556,0.10743571441938077,0.17512683315617344,0.26060813959782064,0.3201940059661865,,,,,,,,D:\TrustFed-IncBoost\outputs\ehms_unseen_confirmation\unseen_confirmation_20260827T071608Z\runs\confirm_largest_flip_uniform_seed198_20260827T072019Z
confirm_largest_flip_uniform,largest_flip,uniform,198,2,False,1023,0.2,0.734525646605732,0.8155916474074969,0.7241622230701523,0.9013915548982194,0.11200377031078157,0.061459191143512726,,,,,,,,D:\TrustFed-IncBoost\outputs\ehms_unseen_confirmation\unseen_confirmation_20260827T071608Z\runs\confirm_largest_flip_uniform_seed198_20260827T072019Z
confirm_largest_flip_uniform,largest_flip,uniform,198,3,False,1749,0.2,0.8038150851924488,0.8166672513078967,0.776556741472931,0.9161424610241446,0.0693468389570689,0.09910018742084503,,,,,,,,D:\TrustFed-IncBoost\outputs\ehms_unseen_confirmation\unseen_confirmation_20260827T071608Z\runs\confirm_largest_flip_uniform_seed198_20260827T072019Z
confirm_largest_flip_uniform,largest_flip,uniform,198,4,False,264,0.2,0.6398183958298301,0.7606775203271599,0.6747079019017286,0.8609815609594533,0.15915706542113592,0.14018969237804413,,,,,,,,D:\TrustFed-IncBoost\outputs\ehms_unseen_confirmation\unseen_confirmation_20260827T071608Z\runs\confirm_largest_flip_uniform_seed198_20260827T072019Z
confirm_largest_flip_uniform,largest_flip,uniform,209,0,False,396,0.2,0.29803085140450625,0.5427826699542092,0.4923739673735006,0.7289832791165075,0.254832930548261,0.2062203288078308,,,,,,,,D:\TrustFed-IncBoost\outputs\ehms_unseen_confirmation\unseen_confirmation_20260827T071608Z\runs\confirm_largest_flip_uniform_seed209_20260827T072026Z
confirm_largest_flip_uniform,largest_flip,uniform,209,1,False,552,0.2,0.6454134528639646,0.762190912293061,0.6662544656382805,0.8694312413235812,0.15302839075394115,0.05101853609085083,,,,,,,,D:\TrustFed-IncBoost\outputs\ehms_unseen_confirmation\unseen_confirmation_20260827T071608Z\runs\confirm_largest_flip_uniform_seed209_20260827T072026Z
confirm_largest_flip_uniform,largest_flip,uniform,209,2,False,1735,0.2,0.785760096558737,0.7877632969355407,0.7368594064729489,0.8987423077719994,0.0722208679545984,0.20410692691802979,,,,,,,,D:\TrustFed-IncBoost\outputs\ehms_unseen_confirmation\unseen_confirmation_20260827T071608Z\runs\confirm_largest_flip_uniform_seed209_20260827T072026Z
confirm_largest_flip_uniform,largest_flip,uniform,209,3,True,6886,0.2,0.13374812183422574,0.2750334624867911,0.09739993739416736,0.17595715144106253,0.26127422548161633,0.21253301203250885,,,,,,,,D:\TrustFed-IncBoost\outputs\ehms_unseen_confirmation\unseen_confirmation_20260827T071608Z\runs\confirm_largest_flip_uniform_seed209_20260827T072026Z
confirm_largest_flip_uniform,largest_flip,uniform,209,4,False,221,0.2,0.7057509634634455,0.7076083127861923,0.5691097620976808,0.8135076559683403,0.1014253908957488,0.16082905232906342,,,,,,,,D:\TrustFed-IncBoost\outputs\ehms_unseen_confirmation\unseen_confirmation_20260827T071608Z\runs\confirm_largest_flip_uniform_seed209_20260827T072026Z
confirm_largest_flip_uniform,largest_flip,uniform,220,0,False,363,0.2,0.28406012274060527,0.568877768212735,0.5032691248025356,0.5400886137672978,0.2564279336161968,0.17632731795310974,,,,,,,,D:\TrustFed-IncBoost\outputs\ehms_unseen_confirmation\unseen_confirmation_20260827T071608Z\runs\confirm_largest_flip_uniform_seed220_20260827T072033Z
confirm_largest_flip_uniform,largest_flip,uniform,220,1,False,1503,0.2,0.4690947942496751,0.5008784837276262,0.14308090082832017,0.49925610531140807,0.10908371187632894,0.20886626839637756,,,,,,,,D:\TrustFed-IncBoost\outputs\ehms_unseen_confirmation\unseen_confirmation_20260827T071608Z\runs\confirm_largest_flip_uniform_seed220_20260827T072033Z
confirm_largest_flip_uniform,largest_flip,uniform,220,2,True,4742,0.2,0.2389820869495508,0.24213041118886414,0.07671652176333142,0.15120627038722945,0.2568429628307871,0.17568887770175934,,,,,,,,D:\TrustFed-IncBoost\outputs\ehms_unseen_confirmation\unseen_confirmation_20260827T071608Z\runs\confirm_largest_flip_uniform_seed220_20260827T072033Z
confirm_largest_flip_uniform,largest_flip,uniform,220,3,False,269,0.2,0.6500032168821978,0.7716608803413143,0.6653325295087873,0.866166035574506,0.14985317598086312,0.056101471185684204,,,,,,,,D:\TrustFed-IncBoost\outputs\ehms_unseen_confirmation\unseen_confirmation_20260827T071608Z\runs\confirm_largest_flip_uniform_seed220_20260827T072033Z
confirm_largest_flip_uniform,largest_flip,uniform,220,4,False,2913,0.2,0.7909868710817067,0.7430888743454371,0.6888098432525976,0.8733482742933216,0.06348396036586905,0.252984881401062,,,,,,,,D:\TrustFed-IncBoost\outputs\ehms_unseen_confirmation\unseen_confirmation_20260827T071608Z\runs\confirm_largest_flip_uniform_seed220_20260827T072033Z
confirm_largest_flip_trust_v1,largest_flip,trust_v1,121,0,False,3171,0.32338993901753565,0.7713315217391304,0.725507223906702,0.667547359021285,0.8722626719962231,0.06649053141924285,0.13215653598308563,,,,,,,,D:\TrustFed-IncBoost\outputs\ehms_unseen_confirmation\unseen_confirmation_20260827T071608Z\runs\confirm_largest_flip_trust_v1_seed121_20260827T072038Z
confirm_largest_flip_trust_v1,largest_flip,trust_v1,121,1,False,275,0.07446952959446217,0.4340757905102276,0.6788412308383773,0.5757042412150226,0.6788412308383773,0.2516621405005809,0.2953586280345917,,,,,,,,D:\TrustFed-IncBoost\outputs\ehms_unseen_confirmation\unseen_confirmation_20260827T071608Z\runs\confirm_largest_flip_trust_v1_seed121_20260827T072038Z
confirm_largest_flip_trust_v1,largest_flip,trust_v1,121,2,True,5479,0.0014781578380376873,0.2089932217639686,0.23386782781084314,0.07009151225950852,0.13823892939673169,0.25664719222643173,0.2992083728313446,,,,,,,,D:\TrustFed-IncBoost\outputs\ehms_unseen_confirmation\unseen_confirmation_20260827T071608Z\runs\confirm_largest_flip_trust_v1_seed121_20260827T072038Z
confirm_largest_flip_trust_v1,largest_flip,trust_v1,121,3,False,413,0.33316240243918854,0.7193036330136533,0.7620696773609115,0.6641747532566014,0.8604893633885945,0.10077076259303251,0.06657231599092484,,,,,,,,D:\TrustFed-IncBoost\outputs\ehms_unseen_confirmation\unseen_confirmation_20260827T071608Z\runs\confirm_largest_flip_trust_v1_seed121_20260827T072038Z
confirm_largest_flip_trust_v1,largest_flip,trust_v1,121,4,False,452,0.26749997111077595,0.7469863869231086,0.7097445871872885,0.5795415364396999,0.7757945339236609,0.07640349898951697,0.11867819726467133,,,,,,,,D:\TrustFed-IncBoost\outputs\ehms_unseen_confirmation\unseen_confirmation_20260827T071608Z\runs\confirm_largest_flip_trust_v1_seed121_20260827T072038Z
confirm_largest_flip_trust_v1,largest_flip,trust_v1,132,0,False,2270,0.005992236503012366,0.7967703948347975,0.7801576587719484,0.7374517415542545,0.8986565707253825,0.06871960079561672,0.41607505083084106,,,,,,,,D:\TrustFed-IncBoost\outputs\ehms_unseen_confirmation\unseen_confirmation_20260827T071608Z\runs\confirm_largest_flip_trust_v1_seed132_20260827T072045Z
confirm_largest_flip_trust_v1,largest_flip,trust_v1,132,1,True,6425,0.10890647374433603,0.09394935189566882,0.3233583297405415,0.2971168191537363,0.3038268926159687,0.26210309558236866,0.013934324495494366,,,,,,,,D:\TrustFed-IncBoost\outputs\ehms_unseen_confirmation\unseen_confirmation_20260827T071608Z\runs\confirm_largest_flip_trust_v1_seed132_20260827T072045Z
confirm_largest_flip_trust_v1,largest_flip,trust_v1,132,2,False,341,0.4,0.4473549762524993,0.6610831148209141,0.5475519942342473,0.7408112877272588,0.25072140354872735,0.00274307350628078,,,,,,,,D:\TrustFed-IncBoost\outputs\ehms_unseen_confirmation\unseen_confirmation_20260827T071608Z\runs\confirm_largest_flip_trust_v1_seed132_20260827T072045Z
confirm_largest_flip_trust_v1,largest_flip,trust_v1,132,3,False,499,0.4,0.47408282389588785,0.6735612930280992,0.6370666054463674,0.820031365268737,0.2502586574052634,0.003348051803186536,,,,,,,,D:\TrustFed-IncBoost\outputs\ehms_unseen_confirmation\unseen_confirmation_20260827T071608Z\runs\confirm_largest_flip_trust_v1_seed132_20260827T072045Z
confirm_largest_flip_trust_v1,largest_flip,trust_v1,132,4,False,255,0.08510128975265147,0.623409610034927,0.7291282355740574,0.6055158108459091,0.8328723565494434,0.167900968711418,0.2286800891160965,,,,,,,,D:\TrustFed-IncBoost\outputs\ehms_unseen_confirmation\unseen_confirmation_20260827T071608Z\runs\confirm_largest_flip_trust_v1_seed132_20260827T072045Z
confirm_largest_flip_trust_v1,largest_flip,trust_v1,143,0,False,486,0.4,0.7697929051246825,0.7108017505525985,0.5561463995625088,0.7767678397133284,0.06720207023190422,0.0717863067984581,,,,,,,,D:\TrustFed-IncBoost\outputs\ehms_unseen_confirmation\unseen_confirmation_20260827T071608Z\runs\confirm_largest_flip_trust_v1_seed143_20260827T072050Z
confirm_largest_flip_trust_v1,largest_flip,trust_v1,143,1,False,709,0.10288035838602627,0.5156863729272082,0.5210843892142905,0.25137190689344036,0.7475632644960273,0.09923094608891539,0.05162501707673073,,,,,,,,D:\TrustFed-IncBoost\outputs\ehms_unseen_confirmation\unseen_confirmation_20260827T071608Z\runs\confirm_largest_flip_trust_v1_seed143_20260827T072050Z
confirm_largest_flip_trust_v1,largest_flip,trust_v1,143,2,False,293,0.13230085213505835,0.5818207668350541,0.7427092783094063,0.6497890218477385,0.8432278464378575,0.21558651679240493,0.3217025399208069,,,,,,,,D:\TrustFed-IncBoost\outputs\ehms_unseen_confirmation\unseen_confirmation_20260827T071608Z\runs\confirm_largest_flip_trust_v1_seed143_20260827T072050Z
confirm_largest_flip_trust_v1,largest_flip,trust_v1,143,3,False,703,0.36303671473253885,0.6926944813829787,0.6417847008808045,0.5122409084610047,0.7507161804675088,0.07567521174518907,0.05204623192548752,,,,,,,,D:\TrustFed-IncBoost\outputs\ehms_unseen_confirmation\unseen_confirmation_20260827T071608Z\runs\confirm_largest_flip_trust_v1_seed143_20260827T072050Z
confirm_largest_flip_trust_v1,largest_flip,trust_v1,143,4,True,7599,0.0017820747463764617,0.2680847524587778,0.2672891538421802,0.06709850084083312,0.1672509092161392,0.25687848251647233,0.3668990731239319,,,,,,,,D:\TrustFed-IncBoost\outputs\ehms_unseen_confirmation\unseen_confirmation_20260827T071608Z\runs\confirm_largest_flip_trust_v1_seed143_20260827T072050Z
confirm_largest_flip_trust_v1,largest_flip,trust_v1,154,0,True,4927,0.005252811556381585,0.1252629382417454,0.27778560030038485,0.10166817642483275,0.19403550034592937,0.26148965358038695,0.08392638713121414,,,,,,,,D:\TrustFed-IncBoost\outputs\ehms_unseen_confirmation\unseen_confirmation_20260827T071608Z\runs\confirm_largest_flip_trust_v1_seed154_20260827T072056Z
confirm_largest_flip_trust_v1,largest_flip,trust_v1,154,1,False,1516,0.13918735025195017,0.5936788962273938,0.5704131334939558,0.39513660366893405,0.7644842697762063,0.09212180088978687,0.31712043285369873,,,,,,,,D:\TrustFed-IncBoost\outputs\ehms_unseen_confirmation\unseen_confirmation_20260827T071608Z\runs\confirm_largest_flip_trust_v1_seed154_20260827T072056Z
confirm_largest_flip_trust_v1,largest_flip,trust_v1,154,2,False,388,0.07824216637378484,0.22268724201687945,0.5289824462592697,0.43698122859844346,0.7047510525638753,0.25685360609490354,0.07918000966310501,,,,,,,,D:\TrustFed-IncBoost\outputs\ehms_unseen_confirmation\unseen_confirmation_20260827T071608Z\runs\confirm_largest_flip_trust_v1_seed154_20260827T072056Z
confirm_largest_flip_trust_v1,largest_flip,trust_v1,154,3,False,534,0.3773176718178834,0.519814562534312,0.7101729298997674,0.5932077402085676,0.8329174358813897,0.22646336508143988,0.057497624307870865,,,,,,,,D:\TrustFed-IncBoost\outputs\ehms_unseen_confirmation\unseen_confirmation_20260827T071608Z\runs\confirm_largest_flip_trust_v1_seed154_20260827T072056Z
confirm_largest_flip_trust_v1,largest_flip,trust_v1,154,4,False,2425,0.4,0.8106836634726664,0.7981215515712841,0.7525661218069536,0.9112143684095246,0.06121285689435105,0.34980323910713196,,,,,,,,D:\TrustFed-IncBoost\outputs\ehms_unseen_confirmation\unseen_confirmation_20260827T071608Z\runs\confirm_largest_flip_trust_v1_seed154_20260827T072056Z
confirm_largest_flip_trust_v1,largest_flip,trust_v1,165,0,True,5192,0.0019082626590900327,0.17372568710860153,0.24848987235871575,0.087959791103634,0.14695036513406726,0.25875503173274367,0.22717343270778656,,,,,,,,D:\TrustFed-IncBoost\outputs\ehms_unseen_confirmation\unseen_confirmation_20260827T071608Z\runs\confirm_largest_flip_trust_v1_seed165_20260827T072102Z
confirm_largest_flip_trust_v1,largest_flip,trust_v1,165,1,False,1588,0.2982648810944957,0.7781525278316035,0.7338452800356137,0.683590944472412,0.8673070477740168,0.06553545782186404,0.20101802051067352,,,,,,,,D:\TrustFed-IncBoost\outputs\ehms_unseen_confirmation\unseen_confirmation_20260827T071608Z\runs\confirm_largest_flip_trust_v1_seed165_20260827T072102Z
confirm_largest_flip_trust_v1,largest_flip,trust_v1,165,2,False,676,0.2593755558312392,0.6662235402392882,0.7892767505583826,0.643405175147134,0.8814454925578828,0.15209469984823282,0.05911700427532196,,,,,,,,D:\TrustFed-IncBoost\outputs\ehms_unseen_confirmation\unseen_confirmation_20260827T071608Z\runs\confirm_largest_flip_trust_v1_seed165_20260827T072102Z
confirm_largest_flip_trust_v1,largest_flip,trust_v1,165,3,False,515,0.2426682843282487,0.6328822476840092,0.7758550993831567,0.6754500493806878,0.8771882246288749,0.16399397356431236,0.07752671837806702,,,,,,,,D:\TrustFed-IncBoost\outputs\ehms_unseen_confirmation\unseen_confirmation_20260827T071608Z\runs\confirm_largest_flip_trust_v1_seed165_20260827T072102Z
confirm_largest_flip_trust_v1,largest_flip,trust_v1,165,4,False,1819,0.19778301608692625,0.7135735382487072,0.6577901095274279,0.5708754023475416,0.7778511201339265,0.07658453219073445,0.21104899048805237,,,,,,,,D:\TrustFed-IncBoost\outputs\ehms_unseen_confirmation\unseen_confirmation_20260827T071608Z\runs\confirm_largest_flip_trust_v1_seed165_20260827T072102Z
confirm_largest_flip_trust_v1,largest_flip,trust_v1,176,0,False,2217,0.4,0.8164045331675389,0.8109266089903735,0.7791596524149884,0.9205205324689736,0.06017684819747716,0.08956976234912872,,,,,,,,D:\TrustFed-IncBoost\outputs\ehms_unseen_confirmation\unseen_confirmation_20260827T071608Z\runs\confirm_largest_flip_trust_v1_seed176_20260827T072107Z
confirm_largest_flip_trust_v1,largest_flip,trust_v1,176,1,False,368,0.2338651119570498,0.7492168718583814,0.6902998248191872,0.5974125648655582,0.8015783085132495,0.07182210593847595,0.09404304623603821,,,,,,,,D:\TrustFed-IncBoost\outputs\ehms_unseen_confirmation\unseen_confirmation_20260827T071608Z\runs\confirm_largest_flip_trust_v1_seed176_20260827T072107Z
confirm_largest_flip_trust_v1,largest_flip,trust_v1,176,2,False,1130,0.3211876264352633,0.7659501235958572,0.7573157323129583,0.6999361443288658,0.8761024454703488,0.07537083839627626,0.07476233690977097,,,,,,,,D:\TrustFed-IncBoost\outputs\ehms_unseen_confirmation\unseen_confirmation_20260827T071608Z\runs\confirm_largest_flip_trust_v1_seed176_20260827T072107Z
confirm_largest_flip_trust_v1,largest_flip,trust_v1,176,3,True,5745,0.0012415814052027395,0.24782879378836004,0.2419907735863648,0.07647789649921241,0.140111866902931,0.25750583775803815,0.3411412239074707,,,,,,,,D:\TrustFed-IncBoost\outputs\ehms_unseen_confirmation\unseen_confirmation_20260827T071608Z\runs\confirm_largest_flip_trust_v1_seed176_20260827T072107Z
confirm_largest_flip_trust_v1,largest_flip,trust_v1,176,4,False,330,0.043705680202484214,0.4729823503286588,0.6717780684382009,0.49104907658438035,0.6767972845292815,0.2499989479633095,0.33392325043678284,,,,,,,,D:\TrustFed-IncBoost\outputs\ehms_unseen_confirmation\unseen_confirmation_20260827T071608Z\runs\confirm_largest_flip_trust_v1_seed176_20260827T072107Z
confirm_largest_flip_trust_v1,largest_flip,trust_v1,187,0,False,2053,0.27808774073425085,0.7881763986647261,0.7367038376532047,0.6834861043073294,0.8635167604313174,0.0659011566726109,0.03364455699920654,,,,,,,,D:\TrustFed-IncBoost\outputs\ehms_unseen_confirmation\unseen_confirmation_20260827T071608Z\runs\confirm_largest_flip_trust_v1_seed187_20260827T072114Z
confirm_largest_flip_trust_v1,largest_flip,trust_v1,187,1,True,3024,0.0002573735178405148,0.25398408955455937,0.24078762306610407,0.07903970875796543,0.13902869868059745,0.2568647957314858,0.42359158396720886,,,,,,,,D:\TrustFed-IncBoost\outputs\ehms_unseen_confirmation\unseen_confirmation_20260827T071608Z\runs\confirm_largest_flip_trust_v1_seed187_20260827T072114Z
confirm_largest_flip_trust_v1,largest_flip,trust_v1,187,2,False,548,0.20906665742137667,0.7703058366525454,0.713813542294555,0.5958325820475764,0.784161727278816,0.07138482149749488,0.048311784863471985,,,,,,,,D:\TrustFed-IncBoost\outputs\ehms_unseen_confirmation\unseen_confirmation_20260827T071608Z\runs\confirm_largest_flip_trust_v1_seed187_20260827T072114Z
confirm_largest_flip_trust_v1,largest_flip,trust_v1,187,3,False,1930,0.25325031289932315,0.7761062382337321,0.7402099658428772,0.6752757358950146,0.8592496316388722,0.07100150373115086,0.04440685361623764,,,,,,,,D:\TrustFed-IncBoost\outputs\ehms_unseen_confirmation\unseen_confirmation_20260827T071608Z\runs\confirm_largest_flip_trust_v1_seed187_20260827T072114Z
confirm_largest_flip_trust_v1,largest_flip,trust_v1,187,4,False,2235,0.25933791542720874,0.7845900016498928,0.7280992565802693,0.6541183680122816,0.837813944143058,0.06748013744425624,0.03478487953543663,,,,,,,,D:\TrustFed-IncBoost\outputs\ehms_unseen_confirmation\unseen_confirmation_20260827T071608Z\runs\confirm_largest_flip_trust_v1_seed187_20260827T072114Z
confirm_largest_flip_trust_v1,largest_flip,trust_v1,198,0,False,924,0.23863484300774016,0.7808971692336564,0.7404286752655155,0.6797686937863704,0.8635125136336975,0.07112900049421662,0.12072359025478363,,,,,,,,D:\TrustFed-IncBoost\outputs\ehms_unseen_confirmation\unseen_confirmation_20260827T071608Z\runs\confirm_largest_flip_trust_v1_seed198_20260827T072120Z
confirm_largest_flip_trust_v1,largest_flip,trust_v1,198,1,True,5830,0.0015300607906917633,0.19045377921804574,0.27192425007525556,0.10743571441938077,0.17512683315617344,0.26060813959782064,0.3201940059661865,,,,,,,,D:\TrustFed-IncBoost\outputs\ehms_unseen_confirmation\unseen_confirmation_20260827T071608Z\runs\confirm_largest_flip_trust_v1_seed198_20260827T072120Z
confirm_largest_flip_trust_v1,largest_flip,trust_v1,198,2,False,1023,0.2744146293029414,0.734525646605732,0.8155916474074969,0.7241622230701523,0.9013915548982194,0.11200377031078157,0.061459191143512726,,,,,,,,D:\TrustFed-IncBoost\outputs\ehms_unseen_confirmation\unseen_confirmation_20260827T071608Z\runs\confirm_largest_flip_trust_v1_seed198_20260827T072120Z
confirm_largest_flip_trust_v1,largest_flip,trust_v1,198,3,False,1749,0.3248366855455477,0.8038150851924488,0.8166672513078967,0.776556741472931,0.9161424610241446,0.0693468389570689,0.09910018742084503,,,,,,,,D:\TrustFed-IncBoost\outputs\ehms_unseen_confirmation\unseen_confirmation_20260827T071608Z\runs\confirm_largest_flip_trust_v1_seed198_20260827T072120Z
confirm_largest_flip_trust_v1,largest_flip,trust_v1,198,4,False,264,0.160583781353079,0.6398183958298301,0.7606775203271599,0.6747079019017286,0.8609815609594533,0.15915706542113592,0.14018969237804413,,,,,,,,D:\TrustFed-IncBoost\outputs\ehms_unseen_confirmation\unseen_confirmation_20260827T071608Z\runs\confirm_largest_flip_trust_v1_seed198_20260827T072120Z
confirm_largest_flip_trust_v1,largest_flip,trust_v1,209,0,False,396,0.048895241866955354,0.29803085140450625,0.5427826699542092,0.4923739673735006,0.7289832791165075,0.254832930548261,0.2062203288078308,,,,,,,,D:\TrustFed-IncBoost\outputs\ehms_unseen_confirmation\unseen_confirmation_20260827T071608Z\runs\confirm_largest_flip_trust_v1_seed209_20260827T072127Z
confirm_largest_flip_trust_v1,largest_flip,trust_v1,209,1,False,552,0.29827092116168413,0.6454134528639646,0.762190912293061,0.6662544656382805,0.8694312413235812,0.15302839075394115,0.05101853609085083,,,,,,,,D:\TrustFed-IncBoost\outputs\ehms_unseen_confirmation\unseen_confirmation_20260827T071608Z\runs\confirm_largest_flip_trust_v1_seed209_20260827T072127Z
confirm_largest_flip_trust_v1,largest_flip,trust_v1,209,2,False,1735,0.4,0.785760096558737,0.7877632969355407,0.7368594064729489,0.8987423077719994,0.0722208679545984,0.20410692691802979,,,,,,,,D:\TrustFed-IncBoost\outputs\ehms_unseen_confirmation\unseen_confirmation_20260827T071608Z\runs\confirm_largest_flip_trust_v1_seed209_20260827T072127Z
confirm_largest_flip_trust_v1,largest_flip,trust_v1,209,3,True,6886,0.002154583874672641,0.13374812183422574,0.2750334624867911,0.09739993739416736,0.17595715144106253,0.26127422548161633,0.21253301203250885,,,,,,,,D:\TrustFed-IncBoost\outputs\ehms_unseen_confirmation\unseen_confirmation_20260827T071608Z\runs\confirm_largest_flip_trust_v1_seed209_20260827T072127Z
confirm_largest_flip_trust_v1,largest_flip,trust_v1,209,4,False,221,0.25067925309668787,0.7057509634634455,0.7076083127861923,0.5691097620976808,0.8135076559683403,0.1014253908957488,0.16082905232906342,,,,,,,,D:\TrustFed-IncBoost\outputs\ehms_unseen_confirmation\unseen_confirmation_20260827T071608Z\runs\confirm_largest_flip_trust_v1_seed209_20260827T072127Z
confirm_largest_flip_trust_v1,largest_flip,trust_v1,220,0,False,363,0.12621421306716427,0.28406012274060527,0.568877768212735,0.5032691248025356,0.5400886137672978,0.2564279336161968,0.17632731795310974,,,,,,,,D:\TrustFed-IncBoost\outputs\ehms_unseen_confirmation\unseen_confirmation_20260827T071608Z\runs\confirm_largest_flip_trust_v1_seed220_20260827T072134Z
confirm_largest_flip_trust_v1,largest_flip,trust_v1,220,1,False,1503,0.06689585446696351,0.4690947942496751,0.5008784837276262,0.14308090082832017,0.49925610531140807,0.10908371187632894,0.20886626839637756,,,,,,,,D:\TrustFed-IncBoost\outputs\ehms_unseen_confirmation\unseen_confirmation_20260827T071608Z\runs\confirm_largest_flip_trust_v1_seed220_20260827T072134Z
confirm_largest_flip_trust_v1,largest_flip,trust_v1,220,2,True,4742,0.00688993246587213,0.2389820869495508,0.24213041118886414,0.07671652176333142,0.15120627038722945,0.2568429628307871,0.17568887770175934,,,,,,,,D:\TrustFed-IncBoost\outputs\ehms_unseen_confirmation\unseen_confirmation_20260827T071608Z\runs\confirm_largest_flip_trust_v1_seed220_20260827T072134Z
confirm_largest_flip_trust_v1,largest_flip,trust_v1,220,3,False,269,0.4,0.6500032168821978,0.7716608803413143,0.6653325295087873,0.866166035574506,0.14985317598086312,0.056101471185684204,,,,,,,,D:\TrustFed-IncBoost\outputs\ehms_unseen_confirmation\unseen_confirmation_20260827T071608Z\runs\confirm_largest_flip_trust_v1_seed220_20260827T072134Z
confirm_largest_flip_trust_v1,largest_flip,trust_v1,220,4,False,2913,0.4,0.7909868710817067,0.7430888743454371,0.6888098432525976,0.8733482742933216,0.06348396036586905,0.252984881401062,,,,,,,,D:\TrustFed-IncBoost\outputs\ehms_unseen_confirmation\unseen_confirmation_20260827T071608Z\runs\confirm_largest_flip_trust_v1_seed220_20260827T072134Z
confirm_largest_flip_trust_v2,largest_flip,trust_v2,121,0,False,3171,0.3678370868564189,0.7713315217391304,0.725507223906702,0.667547359021285,0.8722626719962231,0.06649053141924285,0.13215653598308563,0.7555323206979941,0.5794753548718339,0.999992433272968,True,True,0.11472208244999929,False,D:\TrustFed-IncBoost\outputs\ehms_unseen_confirmation\unseen_confirmation_20260827T071608Z\runs\confirm_largest_flip_trust_v2_seed121_20260827T072139Z
confirm_largest_flip_trust_v2,largest_flip,trust_v2,121,1,False,275,0.039203830086604136,0.4340757905102276,0.6788412308383773,0.5757042412150226,0.6788412308383773,0.2516621405005809,0.2953586280345917,0.582539467590643,0.35768246167675466,2.2348981148709792,True,True,0.012227002627678837,False,D:\TrustFed-IncBoost\outputs\ehms_unseen_confirmation\unseen_confirmation_20260827T071608Z\runs\confirm_largest_flip_trust_v2_seed121_20260827T072139Z
confirm_largest_flip_trust_v2,largest_flip,trust_v2,121,2,True,5479,0.0,0.2089932217639686,0.23386782781084314,0.07009151225950852,0.13823892939673169,0.25664719222643173,0.2992083728313446,0.1475195635096779,0.0,2.2640280828907042,False,False,0.0,False,D:\TrustFed-IncBoost\outputs\ehms_unseen_confirmation\unseen_confirmation_20260827T071608Z\runs\confirm_largest_flip_trust_v2_seed121_20260827T072139Z
confirm_largest_flip_trust_v2,largest_flip,trust_v2,121,3,False,413,0.39438785359827505,0.7193036330136533,0.7620696773609115,0.6641747532566014,0.8604893633885945,0.10077076259303251,0.06657231599092484,0.7481414226576228,0.614730286077689,0.5037345429884921,True,True,0.12300281150127865,False,D:\TrustFed-IncBoost\outputs\ehms_unseen_confirmation\unseen_confirmation_20260827T071608Z\runs\confirm_largest_flip_trust_v2_seed121_20260827T072139Z
confirm_largest_flip_trust_v2,largest_flip,trust_v2,121,4,False,452,0.19857122945870193,0.7469863869231086,0.7097445871872885,0.5795415364396999,0.7757945339236609,0.07640349898951697,0.11867819726467133,0.6987334185429077,0.4810256153941447,0.8980055233464743,True,True,0.061930962842392905,False,D:\TrustFed-IncBoost\outputs\ehms_unseen_confirmation\unseen_confirmation_20260827T071608Z\runs\confirm_largest_flip_trust_v2_seed121_20260827T072139Z
confirm_largest_flip_trust_v2,largest_flip,trust_v2,132,0,False,2270,0.4,0.7967703948347975,0.7801576587719484,0.7374517415542545,0.8986565707253825,0.06871960079561672,0.41607505083084106,0.8011442706792891,0.6683911774057968,3.0,True,True,0.1483256224666733,False,D:\TrustFed-IncBoost\outputs\ehms_unseen_confirmation\unseen_confirmation_20260827T071608Z\runs\confirm_largest_flip_trust_v2_seed132_20260827T072146Z
confirm_largest_flip_trust_v2,largest_flip,trust_v2,132,1,True,6425,0.0,0.09394935189566882,0.3233583297405415,0.2971168191537363,0.3038268926159687,0.26210309558236866,0.013934324495494366,0.228840465526338,0.0,0.9999282399200448,False,False,0.0,False,D:\TrustFed-IncBoost\outputs\ehms_unseen_confirmation\unseen_confirmation_20260827T071608Z\runs\confirm_largest_flip_trust_v2_seed132_20260827T072146Z
confirm_largest_flip_trust_v2,largest_flip,trust_v2,132,2,False,341,0.10569249623339992,0.4473549762524993,0.6610831148209141,0.5475519942342473,0.7408112877272588,0.25072140354872735,0.00274307350628078,0.5885187764217011,0.39390675196620945,0.19684317413402777,True,True,0.018782144861084468,False,D:\TrustFed-IncBoost\outputs\ehms_unseen_confirmation\unseen_confirmation_20260827T071608Z\runs\confirm_largest_flip_trust_v2_seed132_20260827T072146Z
confirm_largest_flip_trust_v2,largest_flip,trust_v2,132,3,False,499,0.19314490383664978,0.47408282389588785,0.6735612930280992,0.6370666054463674,0.820031365268737,0.2502586574052634,0.003348051803186536,0.6390894698432985,0.47135997948739733,0.24025646509121792,True,True,0.03432292444895253,False,D:\TrustFed-IncBoost\outputs\ehms_unseen_confirmation\unseen_confirmation_20260827T071608Z\runs\confirm_largest_flip_trust_v2_seed132_20260827T072146Z
confirm_largest_flip_trust_v2,largest_flip,trust_v2,132,4,False,255,0.30116259992995026,0.623409610034927,0.7291282355740574,0.6055158108459091,0.8328723565494434,0.167900968711418,0.2286800891160965,0.6919430255970009,0.5523421248738954,3.0,True,True,0.05351827026711521,False,D:\TrustFed-IncBoost\outputs\ehms_unseen_confirmation\unseen_confirmation_20260827T071608Z\runs\confirm_largest_flip_trust_v2_seed132_20260827T072146Z
confirm_largest_flip_trust_v2,largest_flip,trust_v2,143,0,False,486,0.4,0.7697929051246825,0.7108017505525985,0.5561463995625088,0.7767678397133284,0.06720207023190422,0.0717863067984581,0.6972695338401577,0.4830865144391039,0.9999860699607689,True,True,0.06258238036480035,False,D:\TrustFed-IncBoost\outputs\ehms_unseen_confirmation\unseen_confirmation_20260827T071608Z\runs\confirm_largest_flip_trust_v2_seed143_20260827T072152Z
confirm_largest_flip_trust_v2,largest_flip,trust_v2,143,1,False,709,0.011791451752684621,0.5156863729272082,0.5210843892142905,0.25137190689344036,0.7475632644960273,0.09923094608891539,0.05162501707673073,0.47403957749210746,0.14449526253541425,0.7191385131868405,True,True,0.0016971816616825055,False,D:\TrustFed-IncBoost\outputs\ehms_unseen_confirmation\unseen_confirmation_20260827T071608Z\runs\confirm_largest_flip_trust_v2_seed143_20260827T072152Z
confirm_largest_flip_trust_v2,largest_flip,trust_v2,143,2,False,293,0.3782399981806741,0.5818207668350541,0.7427092783094063,0.6497890218477385,0.8432278464378575,0.21558651679240493,0.3217025399208069,0.6975596392198914,0.5772506661914705,3.0,True,True,0.05444130223243377,False,D:\TrustFed-IncBoost\outputs\ehms_unseen_confirmation\unseen_confirmation_20260827T071608Z\runs\confirm_largest_flip_trust_v2_seed143_20260827T072152Z
confirm_largest_flip_trust_v2,largest_flip,trust_v2,143,3,False,703,0.20996855006664122,0.6926944813829787,0.6417847008808045,0.5122409084610047,0.7507161804675088,0.07567521174518907,0.05204623192548752,0.6430137810344262,0.37708205289333796,0.7250060525547589,True,True,0.03022145026561597,False,D:\TrustFed-IncBoost\outputs\ehms_unseen_confirmation\unseen_confirmation_20260827T071608Z\runs\confirm_largest_flip_trust_v2_seed143_20260827T072152Z
confirm_largest_flip_trust_v2,largest_flip,trust_v2,143,4,True,7599,0.0,0.2680847524587778,0.2672891538421802,0.06709850084083312,0.1672509092161392,0.25687848251647233,0.3668990731239319,0.1683967434377652,0.0,3.0,False,False,0.0,False,D:\TrustFed-IncBoost\outputs\ehms_unseen_confirmation\unseen_confirmation_20260827T071608Z\runs\confirm_largest_flip_trust_v2_seed143_20260827T072152Z
confirm_largest_flip_trust_v2,largest_flip,trust_v2,154,0,True,4927,0.0,0.1252629382417454,0.27778560030038485,0.10166817642483275,0.19403550034592937,0.26148965358038695,0.08392638713121414,0.16186376505329103,0.0,0.9999880849382522,False,False,0.0,False,D:\TrustFed-IncBoost\outputs\ehms_unseen_confirmation\unseen_confirmation_20260827T071608Z\runs\confirm_largest_flip_trust_v2_seed154_20260827T072157Z
confirm_largest_flip_trust_v2,largest_flip,trust_v2,154,1,False,1516,0.19999999999999996,0.5936788962273938,0.5704131334939558,0.39513660366893405,0.7644842697762063,0.09212180088978687,0.31712043285369873,0.5655411829963211,0.272933443863543,3.0,True,True,0.008302366366953709,False,D:\TrustFed-IncBoost\outputs\ehms_unseen_confirmation\unseen_confirmation_20260827T071608Z\runs\confirm_largest_flip_trust_v2_seed154_20260827T072157Z
confirm_largest_flip_trust_v2,largest_flip,trust_v2,154,2,False,388,0.0,0.22268724201687945,0.5289824462592697,0.43698122859844346,0.7047510525638753,0.25685360609490354,0.07918000966310501,0.4364241532270409,0.15406734082811221,0.9434347043273614,False,False,0.0,False,D:\TrustFed-IncBoost\outputs\ehms_unseen_confirmation\unseen_confirmation_20260827T071608Z\runs\confirm_largest_flip_trust_v2_seed154_20260827T072157Z
confirm_largest_flip_trust_v2,largest_flip,trust_v2,154,3,False,534,0.4,0.519814562534312,0.7101729298997674,0.5932077402085676,0.8329174358813897,0.22646336508143988,0.057497624307870865,0.6535146529243171,0.5290377412393548,0.6850877439801344,True,True,0.04637487345765728,False,D:\TrustFed-IncBoost\outputs\ehms_unseen_confirmation\unseen_confirmation_20260827T071608Z\runs\confirm_largest_flip_trust_v2_seed154_20260827T072157Z
confirm_largest_flip_trust_v2,largest_flip,trust_v2,154,4,False,2425,0.4,0.8106836634726664,0.7981215515712841,0.7525661218069536,0.9112143684095246,0.06121285689435105,0.34980323910713196,0.8161526980570472,0.7002624237774097,3.0,True,True,0.17473453587836818,False,D:\TrustFed-IncBoost\outputs\ehms_unseen_confirmation\unseen_confirmation_20260827T071608Z\runs\confirm_largest_flip_trust_v2_seed154_20260827T072157Z
confirm_largest_flip_trust_v2,largest_flip,trust_v2,165,0,True,5192,0.0,0.17372568710860153,0.24848987235871575,0.087959791103634,0.14695036513406726,0.25875503173274367,0.22717343270778656,0.1536939942963657,0.0,1.130109141566155,False,False,0.0,False,D:\TrustFed-IncBoost\outputs\ehms_unseen_confirmation\unseen_confirmation_20260827T071608Z\runs\confirm_largest_flip_trust_v2_seed165_20260827T072203Z
confirm_largest_flip_trust_v2,largest_flip,trust_v2,165,1,False,1588,0.2990727342463797,0.7781525278316035,0.7338452800356137,0.683590944472412,0.8673070477740168,0.06553545782186404,0.20101802051067352,0.7627981016993883,0.5861502177625442,0.9999950253463704,True,True,0.12103028739671881,False,D:\TrustFed-IncBoost\outputs\ehms_unseen_confirmation\unseen_confirmation_20260827T071608Z\runs\confirm_largest_flip_trust_v2_seed165_20260827T072203Z
confirm_largest_flip_trust_v2,largest_flip,trust_v2,165,2,False,676,0.3152869096207761,0.6662235402392882,0.7892767505583826,0.643405175147134,0.8814454925578828,0.15209469984823282,0.05911700427532196,0.7389793859202142,0.6643592781087235,0.2940866198887036,True,True,0.12759192301492045,False,D:\TrustFed-IncBoost\outputs\ehms_unseen_confirmation\unseen_confirmation_20260827T071608Z\runs\confirm_largest_flip_trust_v2_seed165_20260827T072203Z
confirm_largest_flip_trust_v2,largest_flip,trust_v2,165,3,False,515,0.28237831000332014,0.6328822476840092,0.7758550993831567,0.6754500493806878,0.8771882246288749,0.16399397356431236,0.07752671837806702,0.7344248968222418,0.6451334596535967,0.3856685709696341,True,True,0.1142743022041813,False,D:\TrustFed-IncBoost\outputs\ehms_unseen_confirmation\unseen_confirmation_20260827T071608Z\runs\confirm_largest_flip_trust_v2_seed165_20260827T072203Z
confirm_largest_flip_trust_v2,largest_flip,trust_v2,165,4,False,1819,0.10326204612952403,0.7135735382487072,0.6577901095274279,0.5708754023475416,0.7778511201339265,0.07658453219073445,0.21104899048805237,0.6756798566899845,0.4187703842358043,1.049895626552644,True,True,0.04178861423700919,False,D:\TrustFed-IncBoost\outputs\ehms_unseen_confirmation\unseen_confirmation_20260827T071608Z\runs\confirm_largest_flip_trust_v2_seed165_20260827T072203Z
confirm_largest_flip_trust_v2,largest_flip,trust_v2,176,0,False,2217,0.4,0.8164045331675389,0.8109266089903735,0.7791596524149884,0.9205205324689736,0.06017684819747716,0.08956976234912872,0.830112060127591,0.7231902188813237,0.9524235284849439,True,True,0.24114767734358045,False,D:\TrustFed-IncBoost\outputs\ehms_unseen_confirmation\unseen_confirmation_20260827T071608Z\runs\confirm_largest_flip_trust_v2_seed176_20260827T072209Z
confirm_largest_flip_trust_v2,largest_flip,trust_v2,176,1,False,368,0.17635258108268906,0.7492168718583814,0.6902998248191872,0.5974125648655582,0.8015783085132495,0.07182210593847595,0.09404304623603821,0.7054502719012318,0.47912545029183395,0.9999893666846544,True,True,0.06316621023737533,False,D:\TrustFed-IncBoost\outputs\ehms_unseen_confirmation\unseen_confirmation_20260827T071608Z\runs\confirm_largest_flip_trust_v2_seed176_20260827T072209Z
confirm_largest_flip_trust_v2,largest_flip,trust_v2,176,2,False,1130,0.395417715157308,0.7659501235958572,0.7573157323129583,0.6999361443288658,0.8761024454703488,0.07537083839627626,0.07476233690977097,0.772276279578563,0.6221802831363182,0.7949715043324201,True,True,0.14163126149822414,False,D:\TrustFed-IncBoost\outputs\ehms_unseen_confirmation\unseen_confirmation_20260827T071608Z\runs\confirm_largest_flip_trust_v2_seed176_20260827T072209Z
confirm_largest_flip_trust_v2,largest_flip,trust_v2,176,3,True,5745,0.0,0.24782879378836004,0.2419907735863648,0.07647789649921241,0.140111866902931,0.25750583775803815,0.3411412239074707,0.15921733716838457,0.0,3.0,False,False,0.0,False,D:\TrustFed-IncBoost\outputs\ehms_unseen_confirmation\unseen_confirmation_20260827T071608Z\runs\confirm_largest_flip_trust_v2_seed176_20260827T072209Z
confirm_largest_flip_trust_v2,largest_flip,trust_v2,176,4,False,330,0.028229703760002948,0.4729823503286588,0.6717780684382009,0.49104907658438035,0.6767972845292815,0.2499989479633095,0.33392325043678284,0.5700508080765543,0.34853921467495724,3.0,True,True,0.010111354150280753,False,D:\TrustFed-IncBoost\outputs\ehms_unseen_confirmation\unseen_confirmation_20260827T071608Z\runs\confirm_largest_flip_trust_v2_seed176_20260827T072209Z
confirm_largest_flip_trust_v2,largest_flip,trust_v2,187,0,False,2053,0.30071512571127873,0.7881763986647261,0.7367038376532047,0.6834861043073294,0.8635167604313174,0.0659011566726109,0.03364455699920654,0.7651193840513303,0.5866713296057801,0.7576262813770508,True,True,0.12526594977113997,False,D:\TrustFed-IncBoost\outputs\ehms_unseen_confirmation\unseen_confirmation_20260827T071608Z\runs\confirm_largest_flip_trust_v2_seed187_20260827T072216Z
confirm_largest_flip_trust_v2,largest_flip,trust_v2,187,1,True,3024,0.0,0.25398408955455937,0.24078762306610407,0.07903970875796543,0.13902869868059745,0.2568647957314858,0.42359158396720886,0.1610080592295581,0.0,3.0,False,False,0.0,False,D:\TrustFed-IncBoost\outputs\ehms_unseen_confirmation\unseen_confirmation_20260827T071608Z\runs\confirm_largest_flip_trust_v2_seed187_20260827T072216Z
confirm_largest_flip_trust_v2,largest_flip,trust_v2,187,2,False,548,0.1637061453344794,0.7703058366525454,0.713813542294555,0.5958325820475764,0.784161727278816,0.07138482149749488,0.048311784863471985,0.7119417559157261,0.49298123896969104,1.0879108294891082,True,True,0.06819346293337018,False,D:\TrustFed-IncBoost\outputs\ehms_unseen_confirmation\unseen_confirmation_20260827T071608Z\runs\confirm_largest_flip_trust_v2_seed187_20260827T072216Z
confirm_largest_flip_trust_v2,largest_flip,trust_v2,187,3,False,1930,0.28538256725344496,0.7761062382337321,0.7402099658428772,0.6752757358950146,0.8592496316388722,0.07100150373115086,0.04440685361623764,0.7598347480494647,0.5875213757644558,0.9999774814606298,True,True,0.11887901631343917,False,D:\TrustFed-IncBoost\outputs\ehms_unseen_confirmation\unseen_confirmation_20260827T071608Z\runs\confirm_largest_flip_trust_v2_seed187_20260827T072216Z
confirm_largest_flip_trust_v2,largest_flip,trust_v2,187,4,False,2235,0.2501961617007969,0.7845900016498928,0.7280992565802693,0.6541183680122816,0.837813944143058,0.06748013744425624,0.03478487953543663,0.748013302731872,0.5551760424279136,0.783304679303789,True,True,0.10422176054634205,False,D:\TrustFed-IncBoost\outputs\ehms_unseen_confirmation\unseen_confirmation_20260827T071608Z\runs\confirm_largest_flip_trust_v2_seed187_20260827T072216Z
confirm_largest_flip_trust_v2,largest_flip,trust_v2,198,0,False,924,0.18896579985231288,0.7808971692336564,0.7404286752655155,0.6797686937863704,0.8635125136336975,0.07112900049421662,0.12072359025478363,0.7632674083889619,0.5912658694543007,0.9999917166834206,True,True,0.12200702073914987,False,D:\TrustFed-IncBoost\outputs\ehms_unseen_confirmation\unseen_confirmation_20260827T071608Z\runs\confirm_largest_flip_trust_v2_seed198_20260827T072222Z
confirm_largest_flip_trust_v2,largest_flip,trust_v2,198,1,True,5830,0.0,0.19045377921804574,0.27192425007525556,0.10743571441938077,0.17512683315617344,0.26060813959782064,0.3201940059661865,0.17667891607906605,0.0,2.6522683182476077,False,False,0.0,False,D:\TrustFed-IncBoost\outputs\ehms_unseen_confirmation\unseen_confirmation_20260827T071608Z\runs\confirm_largest_flip_trust_v2_seed198_20260827T072222Z
confirm_largest_flip_trust_v2,largest_flip,trust_v2,198,2,False,1023,0.2948012789518969,0.734525646605732,0.8155916474074969,0.7241622230701523,0.9013915548982194,0.11200377031078157,0.061459191143512726,0.790782902725302,0.7118309407880098,0.5090859369562237,True,True,0.19034039907286301,False,D:\TrustFed-IncBoost\outputs\ehms_unseen_confirmation\unseen_confirmation_20260827T071608Z\runs\confirm_largest_flip_trust_v2_seed198_20260827T072222Z
confirm_largest_flip_trust_v2,largest_flip,trust_v2,198,3,False,1749,0.3698473402306613,0.8038150851924488,0.8166672513078967,0.776556741472931,0.9161424610241446,0.0693468389570689,0.09910018742084503,0.8266741829579355,0.7260266917545647,0.8208782254857829,True,True,0.2387943857836104,False,D:\TrustFed-IncBoost\outputs\ehms_unseen_confirmation\unseen_confirmation_20260827T071608Z\runs\confirm_largest_flip_trust_v2_seed198_20260827T072222Z
confirm_largest_flip_trust_v2,largest_flip,trust_v2,198,4,False,264,0.146385580965129,0.6398183958298301,0.7606775203271599,0.6747079019017286,0.8609815609594533,0.15915706542113592,0.14018969237804413,0.7291917357075115,0.6135137429422027,1.161235603137524,True,True,0.09451482028326616,False,D:\TrustFed-IncBoost\outputs\ehms_unseen_confirmation\unseen_confirmation_20260827T071608Z\runs\confirm_largest_flip_trust_v2_seed198_20260827T072222Z
confirm_largest_flip_trust_v2,largest_flip,trust_v2,209,0,False,396,0.0085535089326907,0.29803085140450625,0.5427826699542092,0.4923739673735006,0.7289832791165075,0.254832930548261,0.2062203288078308,0.4908795746250194,0.19795470244956653,1.0103494358190672,True,True,0.0025167063280757867,False,D:\TrustFed-IncBoost\outputs\ehms_unseen_confirmation\unseen_confirmation_20260827T071608Z\runs\confirm_largest_flip_trust_v2_seed209_20260827T072229Z
confirm_largest_flip_trust_v2,largest_flip,trust_v2,209,1,False,552,0.3688345081106868,0.6454134528639646,0.762190912293061,0.6662544656382805,0.8694312413235812,0.15302839075394115,0.05101853609085083,0.7306245964135353,0.6224516501454157,0.24995862170184108,True,True,0.10852249619185048,False,D:\TrustFed-IncBoost\outputs\ehms_unseen_confirmation\unseen_confirmation_20260827T071608Z\runs\confirm_largest_flip_trust_v2_seed209_20260827T072229Z
confirm_largest_flip_trust_v2,largest_flip,trust_v2,209,2,False,1735,0.4,0.785760096558737,0.7877632969355407,0.7368594064729489,0.8987423077719994,0.0722208679545984,0.20410692691802979,0.8001591626706348,0.6774759069137636,0.999995100631244,True,True,0.1841439157112566,False,D:\TrustFed-IncBoost\outputs\ehms_unseen_confirmation\unseen_confirmation_20260827T071608Z\runs\confirm_largest_flip_trust_v2_seed209_20260827T072229Z
confirm_largest_flip_trust_v2,largest_flip,trust_v2,209,3,True,6886,0.0,0.13374812183422574,0.2750334624867911,0.09739993739416736,0.17595715144106253,0.26127422548161633,0.21253301203250885,0.1584563716544297,0.0,1.041277598776762,False,False,0.0,False,D:\TrustFed-IncBoost\outputs\ehms_unseen_confirmation\unseen_confirmation_20260827T071608Z\runs\confirm_largest_flip_trust_v2_seed209_20260827T072229Z
confirm_largest_flip_trust_v2,largest_flip,trust_v2,209,4,False,221,0.22261198295662246,0.7057509634634455,0.7076083127861923,0.5691097620976808,0.8135076559683403,0.1014253908957488,0.16082905232906342,0.693426638541308,0.5102422777510353,0.7879608340427304,True,True,0.06549931620123906,False,D:\TrustFed-IncBoost\outputs\ehms_unseen_confirmation\unseen_confirmation_20260827T071608Z\runs\confirm_largest_flip_trust_v2_seed209_20260827T072229Z
confirm_largest_flip_trust_v2,largest_flip,trust_v2,220,0,False,363,0.19999999999999993,0.28406012274060527,0.568877768212735,0.5032691248025356,0.5400886137672978,0.2564279336161968,0.17632731795310974,0.45779773045826627,0.10509451454826348,0.9999943287611904,True,True,0.0005741446572228244,False,D:\TrustFed-IncBoost\outputs\ehms_unseen_confirmation\unseen_confirmation_20260827T071608Z\runs\confirm_largest_flip_trust_v2_seed220_20260827T072236Z
confirm_largest_flip_trust_v2,largest_flip,trust_v2,220,1,False,1503,0.0,0.4690947942496751,0.5008784837276262,0.14308090082832017,0.49925610531140807,0.10908371187632894,0.20886626839637756,0.35993535681622885,0.0,1.1845304873373799,False,False,0.0,False,D:\TrustFed-IncBoost\outputs\ehms_unseen_confirmation\unseen_confirmation_20260827T071608Z\runs\confirm_largest_flip_trust_v2_seed220_20260827T072236Z
confirm_largest_flip_trust_v2,largest_flip,trust_v2,220,2,True,4742,0.0,0.2389820869495508,0.24213041118886414,0.07671652176333142,0.15120627038722945,0.2568429628307871,0.17568887770175934,0.16096014277865361,0.0,0.9963735816301472,False,False,0.0,False,D:\TrustFed-IncBoost\outputs\ehms_unseen_confirmation\unseen_confirmation_20260827T071608Z\runs\confirm_largest_flip_trust_v2_seed220_20260827T072236Z
confirm_largest_flip_trust_v2,largest_flip,trust_v2,220,3,False,269,0.4,0.6500032168821978,0.7716608803413143,0.6653325295087873,0.866166035574506,0.14985317598086312,0.056101471185684204,0.7332388614798157,0.6307867708671745,0.3181648406616289,True,True,0.11259601960016934,False,D:\TrustFed-IncBoost\outputs\ehms_unseen_confirmation\unseen_confirmation_20260827T071608Z\runs\confirm_largest_flip_trust_v2_seed220_20260827T072236Z
confirm_largest_flip_trust_v2,largest_flip,trust_v2,220,4,False,2913,0.4,0.7909868710817067,0.7430888743454371,0.6888098432525976,0.8733482742933216,0.06348396036586905,0.252984881401062,0.7711239844479464,0.6025174246004013,1.434737677633477,True,True,0.12701661162854314,False,D:\TrustFed-IncBoost\outputs\ehms_unseen_confirmation\unseen_confirmation_20260827T071608Z\runs\confirm_largest_flip_trust_v2_seed220_20260827T072236Z
confirm_attack_rich_flip_uniform,attack_rich_flip,uniform,121,0,False,3171,0.2,0.7713315217391304,0.725507223906702,0.667547359021285,0.8722626719962231,0.06649053141924285,0.13215653598308563,,,,,,,,D:\TrustFed-IncBoost\outputs\ehms_unseen_confirmation\unseen_confirmation_20260827T071608Z\runs\confirm_attack_rich_flip_uniform_seed121_20260827T072241Z
confirm_attack_rich_flip_uniform,attack_rich_flip,uniform,121,1,False,275,0.2,0.4340757905102276,0.6788412308383773,0.5757042412150226,0.6788412308383773,0.2516621405005809,0.2953586280345917,,,,,,,,D:\TrustFed-IncBoost\outputs\ehms_unseen_confirmation\unseen_confirmation_20260827T071608Z\runs\confirm_attack_rich_flip_uniform_seed121_20260827T072241Z
confirm_attack_rich_flip_uniform,attack_rich_flip,uniform,121,2,True,5479,0.2,0.2089932217639686,0.23386782781084314,0.07009151225950852,0.13823892939673169,0.25664719222643173,0.2992083728313446,,,,,,,,D:\TrustFed-IncBoost\outputs\ehms_unseen_confirmation\unseen_confirmation_20260827T071608Z\runs\confirm_attack_rich_flip_uniform_seed121_20260827T072241Z
confirm_attack_rich_flip_uniform,attack_rich_flip,uniform,121,3,False,413,0.2,0.7193036330136533,0.7620696773609115,0.6641747532566014,0.8604893633885945,0.10077076259303251,0.06657231599092484,,,,,,,,D:\TrustFed-IncBoost\outputs\ehms_unseen_confirmation\unseen_confirmation_20260827T071608Z\runs\confirm_attack_rich_flip_uniform_seed121_20260827T072241Z
confirm_attack_rich_flip_uniform,attack_rich_flip,uniform,121,4,False,452,0.2,0.7469863869231086,0.7097445871872885,0.5795415364396999,0.7757945339236609,0.07640349898951697,0.11867819726467133,,,,,,,,D:\TrustFed-IncBoost\outputs\ehms_unseen_confirmation\unseen_confirmation_20260827T071608Z\runs\confirm_attack_rich_flip_uniform_seed121_20260827T072241Z
confirm_attack_rich_flip_uniform,attack_rich_flip,uniform,132,0,False,2270,0.2,0.7967703948347975,0.7801576587719484,0.7374517415542545,0.8986565707253825,0.06871960079561672,0.22701282799243927,,,,,,,,D:\TrustFed-IncBoost\outputs\ehms_unseen_confirmation\unseen_confirmation_20260827T071608Z\runs\confirm_attack_rich_flip_uniform_seed132_20260827T072247Z
confirm_attack_rich_flip_uniform,attack_rich_flip,uniform,132,1,False,6425,0.2,0.7439188410252469,0.686607250136055,0.5512105652464456,0.7017130745423804,0.08317866830306653,0.21241921186447144,,,,,,,,D:\TrustFed-IncBoost\outputs\ehms_unseen_confirmation\unseen_confirmation_20260827T071608Z\runs\confirm_attack_rich_flip_uniform_seed132_20260827T072247Z
confirm_attack_rich_flip_uniform,attack_rich_flip,uniform,132,2,False,341,0.2,0.4473549762524993,0.6610831148209141,0.5475519942342473,0.7408112877272588,0.25072140354872735,0.1928190141916275,,,,,,,,D:\TrustFed-IncBoost\outputs\ehms_unseen_confirmation\unseen_confirmation_20260827T071608Z\runs\confirm_attack_rich_flip_uniform_seed132_20260827T072247Z
confirm_attack_rich_flip_uniform,attack_rich_flip,uniform,132,3,True,499,0.2,0.3919103927439089,0.371065892979567,0.08067389533713412,0.18748404839706515,0.24426653355966976,0.182875856757164,,,,,,,,D:\TrustFed-IncBoost\outputs\ehms_unseen_confirmation\unseen_confirmation_20260827T071608Z\runs\confirm_attack_rich_flip_uniform_seed132_20260827T072247Z
confirm_attack_rich_flip_uniform,attack_rich_flip,uniform,132,4,False,255,0.2,0.623409610034927,0.7291282355740574,0.6055158108459091,0.8328723565494434,0.167900968711418,0.06426030397415161,,,,,,,,D:\TrustFed-IncBoost\outputs\ehms_unseen_confirmation\unseen_confirmation_20260827T071608Z\runs\confirm_attack_rich_flip_uniform_seed132_20260827T072247Z
confirm_attack_rich_flip_uniform,attack_rich_flip,uniform,143,0,False,486,0.2,0.7697929051246825,0.7108017505525985,0.5561463995625088,0.7767678397133284,0.06720207023190422,0.0717863067984581,,,,,,,,D:\TrustFed-IncBoost\outputs\ehms_unseen_confirmation\unseen_confirmation_20260827T071608Z\runs\confirm_attack_rich_flip_uniform_seed143_20260827T072253Z
confirm_attack_rich_flip_uniform,attack_rich_flip,uniform,143,1,False,709,0.2,0.5156863729272082,0.5210843892142905,0.25137190689344036,0.7475632644960273,0.09923094608891539,0.05162501707673073,,,,,,,,D:\TrustFed-IncBoost\outputs\ehms_unseen_confirmation\unseen_confirmation_20260827T071608Z\runs\confirm_attack_rich_flip_uniform_seed143_20260827T072253Z
confirm_attack_rich_flip_uniform,attack_rich_flip,uniform,143,2,False,293,0.2,0.5818207668350541,0.7427092783094063,0.6497890218477385,0.8432278464378575,0.21558651679240493,0.3217025399208069,,,,,,,,D:\TrustFed-IncBoost\outputs\ehms_unseen_confirmation\unseen_confirmation_20260827T071608Z\runs\confirm_attack_rich_flip_uniform_seed143_20260827T072253Z
confirm_attack_rich_flip_uniform,attack_rich_flip,uniform,143,3,False,703,0.2,0.6926944813829787,0.6417847008808045,0.5122409084610047,0.7507161804675088,0.07567521174518907,0.05204623192548752,,,,,,,,D:\TrustFed-IncBoost\outputs\ehms_unseen_confirmation\unseen_confirmation_20260827T071608Z\runs\confirm_attack_rich_flip_uniform_seed143_20260827T072253Z
confirm_attack_rich_flip_uniform,attack_rich_flip,uniform,143,4,True,7599,0.2,0.2680847524587778,0.2672891538421802,0.06709850084083312,0.1672509092161392,0.25687848251647233,0.3668990731239319,,,,,,,,D:\TrustFed-IncBoost\outputs\ehms_unseen_confirmation\unseen_confirmation_20260827T071608Z\runs\confirm_attack_rich_flip_uniform_seed143_20260827T072253Z
confirm_attack_rich_flip_uniform,attack_rich_flip,uniform,154,0,False,4927,0.2,0.7772541411224599,0.7182483807378204,0.6331189666079057,0.8167082998703199,0.06584264417158336,0.10281585901975632,,,,,,,,D:\TrustFed-IncBoost\outputs\ehms_unseen_confirmation\unseen_confirmation_20260827T071608Z\runs\confirm_attack_rich_flip_uniform_seed154_20260827T072258Z
confirm_attack_rich_flip_uniform,attack_rich_flip,uniform,154,1,False,1516,0.2,0.5936788962273938,0.5704131334939558,0.39513660366893405,0.7644842697762063,0.09212180088978687,0.06958846747875214,,,,,,,,D:\TrustFed-IncBoost\outputs\ehms_unseen_confirmation\unseen_confirmation_20260827T071608Z\runs\confirm_attack_rich_flip_uniform_seed154_20260827T072258Z
confirm_attack_rich_flip_uniform,attack_rich_flip,uniform,154,2,False,388,0.2,0.22268724201687945,0.5289824462592697,0.43698122859844346,0.7047510525638753,0.25685360609490354,0.32654041051864624,,,,,,,,D:\TrustFed-IncBoost\outputs\ehms_unseen_confirmation\unseen_confirmation_20260827T071608Z\runs\confirm_attack_rich_flip_uniform_seed154_20260827T072258Z
confirm_attack_rich_flip_uniform,attack_rich_flip,uniform,154,3,True,534,0.2,0.3213143192904243,0.307589411433399,0.08203315136475302,0.20466674315355438,0.25259227906278126,0.32060301303863525,,,,,,,,D:\TrustFed-IncBoost\outputs\ehms_unseen_confirmation\unseen_confirmation_20260827T071608Z\runs\confirm_attack_rich_flip_uniform_seed154_20260827T072258Z
confirm_attack_rich_flip_uniform,attack_rich_flip,uniform,154,4,False,2425,0.2,0.8106836634726664,0.7981215515712841,0.7525661218069536,0.9112143684095246,0.06121285689435105,0.10389471799135208,,,,,,,,D:\TrustFed-IncBoost\outputs\ehms_unseen_confirmation\unseen_confirmation_20260827T071608Z\runs\confirm_attack_rich_flip_uniform_seed154_20260827T072258Z
confirm_attack_rich_flip_uniform,attack_rich_flip,uniform,165,0,False,5192,0.2,0.8299040325803972,0.7915486579628053,0.7829720497579207,0.925144744551132,0.05245450732945841,0.08595700562000275,,,,,,,,D:\TrustFed-IncBoost\outputs\ehms_unseen_confirmation\unseen_confirmation_20260827T071608Z\runs\confirm_attack_rich_flip_uniform_seed165_20260827T072305Z
confirm_attack_rich_flip_uniform,attack_rich_flip,uniform,165,1,False,1588,0.2,0.7781525278316035,0.7338452800356137,0.683590944472412,0.8673070477740168,0.06553545782186404,0.06603969633579254,,,,,,,,D:\TrustFed-IncBoost\outputs\ehms_unseen_confirmation\unseen_confirmation_20260827T071608Z\runs\confirm_attack_rich_flip_uniform_seed165_20260827T072305Z
confirm_attack_rich_flip_uniform,attack_rich_flip,uniform,165,2,True,676,0.2,0.2141656253154511,0.24810610421607682,0.07740071005368825,0.17033719574648448,0.2543822312115541,0.3568528890609741,,,,,,,,D:\TrustFed-IncBoost\outputs\ehms_unseen_confirmation\unseen_confirmation_20260827T071608Z\runs\confirm_attack_rich_flip_uniform_seed165_20260827T072305Z
confirm_attack_rich_flip_uniform,attack_rich_flip,uniform,165,3,False,515,0.2,0.6328822476840092,0.7758550993831567,0.6754500493806878,0.8771882246288749,0.16399397356431236,0.21422497928142548,,,,,,,,D:\TrustFed-IncBoost\outputs\ehms_unseen_confirmation\unseen_confirmation_20260827T071608Z\runs\confirm_attack_rich_flip_uniform_seed165_20260827T072305Z
confirm_attack_rich_flip_uniform,attack_rich_flip,uniform,165,4,False,1819,0.2,0.7135735382487072,0.6577901095274279,0.5708754023475416,0.7778511201339265,0.07658453219073445,0.07508007436990738,,,,,,,,D:\TrustFed-IncBoost\outputs\ehms_unseen_confirmation\unseen_confirmation_20260827T071608Z\runs\confirm_attack_rich_flip_uniform_seed165_20260827T072305Z
confirm_attack_rich_flip_uniform,attack_rich_flip,uniform,176,0,True,2217,0.2,0.09306148335739928,0.24339457376591672,0.07193775950929203,0.14903440403218482,0.25736805206477836,0.3545897305011749,,,,,,,,D:\TrustFed-IncBoost\outputs\ehms_unseen_confirmation\unseen_confirmation_20260827T071608Z\runs\confirm_attack_rich_flip_uniform_seed176_20260827T072311Z
confirm_attack_rich_flip_uniform,attack_rich_flip,uniform,176,1,False,368,0.2,0.7492168718583814,0.6902998248191872,0.5974125648655582,0.8015783085132495,0.07182210593847595,0.08030759543180466,,,,,,,,D:\TrustFed-IncBoost\outputs\ehms_unseen_confirmation\unseen_confirmation_20260827T071608Z\runs\confirm_attack_rich_flip_uniform_seed176_20260827T072311Z
confirm_attack_rich_flip_uniform,attack_rich_flip,uniform,176,2,False,1130,0.2,0.7659501235958572,0.7573157323129583,0.6999361443288658,0.8761024454703488,0.07537083839627626,0.061115674674510956,,,,,,,,D:\TrustFed-IncBoost\outputs\ehms_unseen_confirmation\unseen_confirmation_20260827T071608Z\runs\confirm_attack_rich_flip_uniform_seed176_20260827T072311Z
confirm_attack_rich_flip_uniform,attack_rich_flip,uniform,176,3,False,5745,0.2,0.8496728115981664,0.8108030409506165,0.8198002481356572,0.936717192265145,0.04704579549653013,0.10094606876373291,,,,,,,,D:\TrustFed-IncBoost\outputs\ehms_unseen_confirmation\unseen_confirmation_20260827T071608Z\runs\confirm_attack_rich_flip_uniform_seed176_20260827T072311Z
confirm_attack_rich_flip_uniform,attack_rich_flip,uniform,176,4,False,330,0.2,0.4729823503286588,0.6717780684382009,0.49104907658438035,0.6767972845292815,0.2499989479633095,0.34763088822364807,,,,,,,,D:\TrustFed-IncBoost\outputs\ehms_unseen_confirmation\unseen_confirmation_20260827T071608Z\runs\confirm_attack_rich_flip_uniform_seed176_20260827T072311Z
confirm_attack_rich_flip_uniform,attack_rich_flip,uniform,187,0,False,2053,0.2,0.7881763986647261,0.7367038376532047,0.6834861043073294,0.8635167604313174,0.0659011566726109,0.03364455699920654,,,,,,,,D:\TrustFed-IncBoost\outputs\ehms_unseen_confirmation\unseen_confirmation_20260827T071608Z\runs\confirm_attack_rich_flip_uniform_seed187_20260827T072318Z
confirm_attack_rich_flip_uniform,attack_rich_flip,uniform,187,1,True,3024,0.2,0.25398408955455937,0.24078762306610407,0.07903970875796543,0.13902869868059745,0.2568647957314858,0.42359158396720886,,,,,,,,D:\TrustFed-IncBoost\outputs\ehms_unseen_confirmation\unseen_confirmation_20260827T071608Z\runs\confirm_attack_rich_flip_uniform_seed187_20260827T072318Z
confirm_attack_rich_flip_uniform,attack_rich_flip,uniform,187,2,False,548,0.2,0.7703058366525454,0.713813542294555,0.5958325820475764,0.784161727278816,0.07138482149749488,0.048311784863471985,,,,,,,,D:\TrustFed-IncBoost\outputs\ehms_unseen_confirmation\unseen_confirmation_20260827T071608Z\runs\confirm_attack_rich_flip_uniform_seed187_20260827T072318Z
confirm_attack_rich_flip_uniform,attack_rich_flip,uniform,187,3,False,1930,0.2,0.7761062382337321,0.7402099658428772,0.6752757358950146,0.8592496316388722,0.07100150373115086,0.04440685361623764,,,,,,,,D:\TrustFed-IncBoost\outputs\ehms_unseen_confirmation\unseen_confirmation_20260827T071608Z\runs\confirm_attack_rich_flip_uniform_seed187_20260827T072318Z
confirm_attack_rich_flip_uniform,attack_rich_flip,uniform,187,4,False,2235,0.2,0.7845900016498928,0.7280992565802693,0.6541183680122816,0.837813944143058,0.06748013744425624,0.03478487953543663,,,,,,,,D:\TrustFed-IncBoost\outputs\ehms_unseen_confirmation\unseen_confirmation_20260827T071608Z\runs\confirm_attack_rich_flip_uniform_seed187_20260827T072318Z
confirm_attack_rich_flip_uniform,attack_rich_flip,uniform,198,0,False,924,0.2,0.7808971692336564,0.7404286752655155,0.6797686937863704,0.8635125136336975,0.07112900049421662,0.11252142488956451,,,,,,,,D:\TrustFed-IncBoost\outputs\ehms_unseen_confirmation\unseen_confirmation_20260827T071608Z\runs\confirm_attack_rich_flip_uniform_seed198_20260827T072324Z
confirm_attack_rich_flip_uniform,attack_rich_flip,uniform,198,1,False,5830,0.2,0.7591649781198386,0.7013855181376104,0.6250667534082623,0.8331190555243294,0.07291998482366435,0.12352616339921951,,,,,,,,D:\TrustFed-IncBoost\outputs\ehms_unseen_confirmation\unseen_confirmation_20260827T071608Z\runs\confirm_attack_rich_flip_uniform_seed198_20260827T072324Z
confirm_attack_rich_flip_uniform,attack_rich_flip,uniform,198,2,False,1023,0.2,0.734525646605732,0.8155916474074969,0.7241622230701523,0.9013915548982194,0.11200377031078157,0.07135190814733505,,,,,,,,D:\TrustFed-IncBoost\outputs\ehms_unseen_confirmation\unseen_confirmation_20260827T071608Z\runs\confirm_attack_rich_flip_uniform_seed198_20260827T072324Z
confirm_attack_rich_flip_uniform,attack_rich_flip,uniform,198,3,True,1749,0.2,0.1811116940133101,0.25373361406989425,0.08640873377249357,0.15014565724415352,0.2566041017924985,0.3148469626903534,,,,,,,,D:\TrustFed-IncBoost\outputs\ehms_unseen_confirmation\unseen_confirmation_20260827T071608Z\runs\confirm_attack_rich_flip_uniform_seed198_20260827T072324Z
confirm_attack_rich_flip_uniform,attack_rich_flip,uniform,198,4,False,264,0.2,0.6398183958298301,0.7606775203271599,0.6747079019017286,0.8609815609594533,0.15915706542113592,0.14057643711566925,,,,,,,,D:\TrustFed-IncBoost\outputs\ehms_unseen_confirmation\unseen_confirmation_20260827T071608Z\runs\confirm_attack_rich_flip_uniform_seed198_20260827T072324Z
confirm_attack_rich_flip_uniform,attack_rich_flip,uniform,209,0,True,396,0.2,0.44478979273482333,0.4464882000704473,0.07710027854720211,0.20098253320348922,0.19533199831570833,0.23985619843006134,,,,,,,,D:\TrustFed-IncBoost\outputs\ehms_unseen_confirmation\unseen_confirmation_20260827T071608Z\runs\confirm_attack_rich_flip_uniform_seed209_20260827T072330Z
confirm_attack_rich_flip_uniform,attack_rich_flip,uniform,209,1,False,552,0.2,0.6454134528639646,0.762190912293061,0.6662544656382805,0.8694312413235812,0.15302839075394115,0.16992253065109253,,,,,,,,D:\TrustFed-IncBoost\outputs\ehms_unseen_confirmation\unseen_confirmation_20260827T071608Z\runs\confirm_attack_rich_flip_uniform_seed209_20260827T072330Z
confirm_attack_rich_flip_uniform,attack_rich_flip,uniform,209,2,False,1735,0.2,0.785760096558737,0.7877632969355407,0.7368594064729489,0.8987423077719994,0.0722208679545984,0.09319838136434555,,,,,,,,D:\TrustFed-IncBoost\outputs\ehms_unseen_confirmation\unseen_confirmation_20260827T071608Z\runs\confirm_attack_rich_flip_uniform_seed209_20260827T072330Z
confirm_attack_rich_flip_uniform,attack_rich_flip,uniform,209,3,False,6886,0.2,0.7830093961839454,0.728185980979218,0.6682665990668508,0.8326738909723806,0.06621862721097642,0.08989264070987701,,,,,,,,D:\TrustFed-IncBoost\outputs\ehms_unseen_confirmation\unseen_confirmation_20260827T071608Z\runs\confirm_attack_rich_flip_uniform_seed209_20260827T072330Z
confirm_attack_rich_flip_uniform,attack_rich_flip,uniform,209,4,False,221,0.2,0.7057509634634455,0.7076083127861923,0.5691097620976808,0.8135076559683403,0.1014253908957488,0.06772938370704651,,,,,,,,D:\TrustFed-IncBoost\outputs\ehms_unseen_confirmation\unseen_confirmation_20260827T071608Z\runs\confirm_attack_rich_flip_uniform_seed209_20260827T072330Z
confirm_attack_rich_flip_uniform,attack_rich_flip,uniform,220,0,False,363,0.2,0.28406012274060527,0.568877768212735,0.5032691248025356,0.5400886137672978,0.2564279336161968,0.17632731795310974,,,,,,,,D:\TrustFed-IncBoost\outputs\ehms_unseen_confirmation\unseen_confirmation_20260827T071608Z\runs\confirm_attack_rich_flip_uniform_seed220_20260827T072337Z
confirm_attack_rich_flip_uniform,attack_rich_flip,uniform,220,1,False,1503,0.2,0.4690947942496751,0.5008784837276262,0.14308090082832017,0.49925610531140807,0.10908371187632894,0.20886626839637756,,,,,,,,D:\TrustFed-IncBoost\outputs\ehms_unseen_confirmation\unseen_confirmation_20260827T071608Z\runs\confirm_attack_rich_flip_uniform_seed220_20260827T072337Z
confirm_attack_rich_flip_uniform,attack_rich_flip,uniform,220,2,True,4742,0.2,0.2389820869495508,0.24213041118886414,0.07671652176333142,0.15120627038722945,0.2568429628307871,0.17568887770175934,,,,,,,,D:\TrustFed-IncBoost\outputs\ehms_unseen_confirmation\unseen_confirmation_20260827T071608Z\runs\confirm_attack_rich_flip_uniform_seed220_20260827T072337Z
confirm_attack_rich_flip_uniform,attack_rich_flip,uniform,220,3,False,269,0.2,0.6500032168821978,0.7716608803413143,0.6653325295087873,0.866166035574506,0.14985317598086312,0.056101471185684204,,,,,,,,D:\TrustFed-IncBoost\outputs\ehms_unseen_confirmation\unseen_confirmation_20260827T071608Z\runs\confirm_attack_rich_flip_uniform_seed220_20260827T072337Z
confirm_attack_rich_flip_uniform,attack_rich_flip,uniform,220,4,False,2913,0.2,0.7909868710817067,0.7430888743454371,0.6888098432525976,0.8733482742933216,0.06348396036586905,0.252984881401062,,,,,,,,D:\TrustFed-IncBoost\outputs\ehms_unseen_confirmation\unseen_confirmation_20260827T071608Z\runs\confirm_attack_rich_flip_uniform_seed220_20260827T072337Z
confirm_attack_rich_flip_trust_v1,attack_rich_flip,trust_v1,121,0,False,3171,0.32338993901753565,0.7713315217391304,0.725507223906702,0.667547359021285,0.8722626719962231,0.06649053141924285,0.13215653598308563,,,,,,,,D:\TrustFed-IncBoost\outputs\ehms_unseen_confirmation\unseen_confirmation_20260827T071608Z\runs\confirm_attack_rich_flip_trust_v1_seed121_20260827T072343Z
confirm_attack_rich_flip_trust_v1,attack_rich_flip,trust_v1,121,1,False,275,0.07446952959446217,0.4340757905102276,0.6788412308383773,0.5757042412150226,0.6788412308383773,0.2516621405005809,0.2953586280345917,,,,,,,,D:\TrustFed-IncBoost\outputs\ehms_unseen_confirmation\unseen_confirmation_20260827T071608Z\runs\confirm_attack_rich_flip_trust_v1_seed121_20260827T072343Z
confirm_attack_rich_flip_trust_v1,attack_rich_flip,trust_v1,121,2,True,5479,0.0014781578380376873,0.2089932217639686,0.23386782781084314,0.07009151225950852,0.13823892939673169,0.25664719222643173,0.2992083728313446,,,,,,,,D:\TrustFed-IncBoost\outputs\ehms_unseen_confirmation\unseen_confirmation_20260827T071608Z\runs\confirm_attack_rich_flip_trust_v1_seed121_20260827T072343Z
confirm_attack_rich_flip_trust_v1,attack_rich_flip,trust_v1,121,3,False,413,0.33316240243918854,0.7193036330136533,0.7620696773609115,0.6641747532566014,0.8604893633885945,0.10077076259303251,0.06657231599092484,,,,,,,,D:\TrustFed-IncBoost\outputs\ehms_unseen_confirmation\unseen_confirmation_20260827T071608Z\runs\confirm_attack_rich_flip_trust_v1_seed121_20260827T072343Z
confirm_attack_rich_flip_trust_v1,attack_rich_flip,trust_v1,121,4,False,452,0.26749997111077595,0.7469863869231086,0.7097445871872885,0.5795415364396999,0.7757945339236609,0.07640349898951697,0.11867819726467133,,,,,,,,D:\TrustFed-IncBoost\outputs\ehms_unseen_confirmation\unseen_confirmation_20260827T071608Z\runs\confirm_attack_rich_flip_trust_v1_seed121_20260827T072343Z
confirm_attack_rich_flip_trust_v1,attack_rich_flip,trust_v1,132,0,False,2270,0.4,0.7967703948347975,0.7801576587719484,0.7374517415542545,0.8986565707253825,0.06871960079561672,0.22701282799243927,,,,,,,,D:\TrustFed-IncBoost\outputs\ehms_unseen_confirmation\unseen_confirmation_20260827T071608Z\runs\confirm_attack_rich_flip_trust_v1_seed132_20260827T072349Z
confirm_attack_rich_flip_trust_v1,attack_rich_flip,trust_v1,132,1,False,6425,0.24456598400910115,0.7439188410252469,0.686607250136055,0.5512105652464456,0.7017130745423804,0.08317866830306653,0.21241921186447144,,,,,,,,D:\TrustFed-IncBoost\outputs\ehms_unseen_confirmation\unseen_confirmation_20260827T071608Z\runs\confirm_attack_rich_flip_trust_v1_seed132_20260827T072349Z
confirm_attack_rich_flip_trust_v1,attack_rich_flip,trust_v1,132,2,False,341,0.1032022201574081,0.4473549762524993,0.6610831148209141,0.5475519942342473,0.7408112877272588,0.25072140354872735,0.1928190141916275,,,,,,,,D:\TrustFed-IncBoost\outputs\ehms_unseen_confirmation\unseen_confirmation_20260827T071608Z\runs\confirm_attack_rich_flip_trust_v1_seed132_20260827T072349Z
confirm_attack_rich_flip_trust_v1,attack_rich_flip,trust_v1,132,3,True,499,0.007672406984421291,0.3919103927439089,0.371065892979567,0.08067389533713412,0.18748404839706515,0.24426653355966976,0.182875856757164,,,,,,,,D:\TrustFed-IncBoost\outputs\ehms_unseen_confirmation\unseen_confirmation_20260827T071608Z\runs\confirm_attack_rich_flip_trust_v1_seed132_20260827T072349Z
confirm_attack_rich_flip_trust_v1,attack_rich_flip,trust_v1,132,4,False,255,0.24455938884906944,0.623409610034927,0.7291282355740574,0.6055158108459091,0.8328723565494434,0.167900968711418,0.06426030397415161,,,,,,,,D:\TrustFed-IncBoost\outputs\ehms_unseen_confirmation\unseen_confirmation_20260827T071608Z\runs\confirm_attack_rich_flip_trust_v1_seed132_20260827T072349Z
confirm_attack_rich_flip_trust_v1,attack_rich_flip,trust_v1,143,0,False,486,0.4,0.7697929051246825,0.7108017505525985,0.5561463995625088,0.7767678397133284,0.06720207023190422,0.0717863067984581,,,,,,,,D:\TrustFed-IncBoost\outputs\ehms_unseen_confirmation\unseen_confirmation_20260827T071608Z\runs\confirm_attack_rich_flip_trust_v1_seed143_20260827T072355Z
confirm_attack_rich_flip_trust_v1,attack_rich_flip,trust_v1,143,1,False,709,0.10288035838602627,0.5156863729272082,0.5210843892142905,0.25137190689344036,0.7475632644960273,0.09923094608891539,0.05162501707673073,,,,,,,,D:\TrustFed-IncBoost\outputs\ehms_unseen_confirmation\unseen_confirmation_20260827T071608Z\runs\confirm_attack_rich_flip_trust_v1_seed143_20260827T072355Z
confirm_attack_rich_flip_trust_v1,attack_rich_flip,trust_v1,143,2,False,293,0.13230085213505835,0.5818207668350541,0.7427092783094063,0.6497890218477385,0.8432278464378575,0.21558651679240493,0.3217025399208069,,,,,,,,D:\TrustFed-IncBoost\outputs\ehms_unseen_confirmation\unseen_confirmation_20260827T071608Z\runs\confirm_attack_rich_flip_trust_v1_seed143_20260827T072355Z
confirm_attack_rich_flip_trust_v1,attack_rich_flip,trust_v1,143,3,False,703,0.36303671473253885,0.6926944813829787,0.6417847008808045,0.5122409084610047,0.7507161804675088,0.07567521174518907,0.05204623192548752,,,,,,,,D:\TrustFed-IncBoost\outputs\ehms_unseen_confirmation\unseen_confirmation_20260827T071608Z\runs\confirm_attack_rich_flip_trust_v1_seed143_20260827T072355Z
confirm_attack_rich_flip_trust_v1,attack_rich_flip,trust_v1,143,4,True,7599,0.0017820747463764617,0.2680847524587778,0.2672891538421802,0.06709850084083312,0.1672509092161392,0.25687848251647233,0.3668990731239319,,,,,,,,D:\TrustFed-IncBoost\outputs\ehms_unseen_confirmation\unseen_confirmation_20260827T071608Z\runs\confirm_attack_rich_flip_trust_v1_seed143_20260827T072355Z
confirm_attack_rich_flip_trust_v1,attack_rich_flip,trust_v1,154,0,False,4927,0.4,0.7772541411224599,0.7182483807378204,0.6331189666079057,0.8167082998703199,0.06584264417158336,0.10281585901975632,,,,,,,,D:\TrustFed-IncBoost\outputs\ehms_unseen_confirmation\unseen_confirmation_20260827T071608Z\runs\confirm_attack_rich_flip_trust_v1_seed154_20260827T072400Z
confirm_attack_rich_flip_trust_v1,attack_rich_flip,trust_v1,154,1,False,1516,0.1704831039713239,0.5936788962273938,0.5704131334939558,0.39513660366893405,0.7644842697762063,0.09212180088978687,0.06958846747875214,,,,,,,,D:\TrustFed-IncBoost\outputs\ehms_unseen_confirmation\unseen_confirmation_20260827T071608Z\runs\confirm_attack_rich_flip_trust_v1_seed154_20260827T072400Z
confirm_attack_rich_flip_trust_v1,attack_rich_flip,trust_v1,154,2,False,388,0.025420664894111544,0.22268724201687945,0.5289824462592697,0.43698122859844346,0.7047510525638753,0.25685360609490354,0.32654041051864624,,,,,,,,D:\TrustFed-IncBoost\outputs\ehms_unseen_confirmation\unseen_confirmation_20260827T071608Z\runs\confirm_attack_rich_flip_trust_v1_seed154_20260827T072400Z
confirm_attack_rich_flip_trust_v1,attack_rich_flip,trust_v1,154,3,True,534,0.0040962311345645016,0.3213143192904243,0.307589411433399,0.08203315136475302,0.20466674315355438,0.25259227906278126,0.32060301303863525,,,,,,,,D:\TrustFed-IncBoost\outputs\ehms_unseen_confirmation\unseen_confirmation_20260827T071608Z\runs\confirm_attack_rich_flip_trust_v1_seed154_20260827T072400Z
confirm_attack_rich_flip_trust_v1,attack_rich_flip,trust_v1,154,4,False,2425,0.4,0.8106836634726664,0.7981215515712841,0.7525661218069536,0.9112143684095246,0.06121285689435105,0.10389471799135208,,,,,,,,D:\TrustFed-IncBoost\outputs\ehms_unseen_confirmation\unseen_confirmation_20260827T071608Z\runs\confirm_attack_rich_flip_trust_v1_seed154_20260827T072400Z
confirm_attack_rich_flip_trust_v1,attack_rich_flip,trust_v1,165,0,False,5192,0.3768579476759779,0.8299040325803972,0.7915486579628053,0.7829720497579207,0.925144744551132,0.05245450732945841,0.08595700562000275,,,,,,,,D:\TrustFed-IncBoost\outputs\ehms_unseen_confirmation\unseen_confirmation_20260827T071608Z\runs\confirm_attack_rich_flip_trust_v1_seed165_20260827T072407Z
confirm_attack_rich_flip_trust_v1,attack_rich_flip,trust_v1,165,1,False,1588,0.29524806877303944,0.7781525278316035,0.7338452800356137,0.683590944472412,0.8673070477740168,0.06553545782186404,0.06603969633579254,,,,,,,,D:\TrustFed-IncBoost\outputs\ehms_unseen_confirmation\unseen_confirmation_20260827T071608Z\runs\confirm_attack_rich_flip_trust_v1_seed165_20260827T072407Z
confirm_attack_rich_flip_trust_v1,attack_rich_flip,trust_v1,165,2,True,676,0.0009151601577961235,0.2141656253154511,0.24810610421607682,0.07740071005368825,0.17033719574648448,0.2543822312115541,0.3568528890609741,,,,,,,,D:\TrustFed-IncBoost\outputs\ehms_unseen_confirmation\unseen_confirmation_20260827T071608Z\runs\confirm_attack_rich_flip_trust_v1_seed165_20260827T072407Z
confirm_attack_rich_flip_trust_v1,attack_rich_flip,trust_v1,165,3,False,515,0.13388298191614562,0.6328822476840092,0.7758550993831567,0.6754500493806878,0.8771882246288749,0.16399397356431236,0.21422497928142548,,,,,,,,D:\TrustFed-IncBoost\outputs\ehms_unseen_confirmation\unseen_confirmation_20260827T071608Z\runs\confirm_attack_rich_flip_trust_v1_seed165_20260827T072407Z
confirm_attack_rich_flip_trust_v1,attack_rich_flip,trust_v1,165,4,False,1819,0.19309584147704092,0.7135735382487072,0.6577901095274279,0.5708754023475416,0.7778511201339265,0.07658453219073445,0.07508007436990738,,,,,,,,D:\TrustFed-IncBoost\outputs\ehms_unseen_confirmation\unseen_confirmation_20260827T071608Z\runs\confirm_attack_rich_flip_trust_v1_seed165_20260827T072407Z
confirm_attack_rich_flip_trust_v1,attack_rich_flip,trust_v1,176,0,True,2217,0.00043364454340023487,0.09306148335739928,0.24339457376591672,0.07193775950929203,0.14903440403218482,0.25736805206477836,0.3545897305011749,,,,,,,,D:\TrustFed-IncBoost\outputs\ehms_unseen_confirmation\unseen_confirmation_20260827T071608Z\runs\confirm_attack_rich_flip_trust_v1_seed176_20260827T072413Z
confirm_attack_rich_flip_trust_v1,attack_rich_flip,trust_v1,176,1,False,368,0.23506236078365883,0.7492168718583814,0.6902998248191872,0.5974125648655582,0.8015783085132495,0.07182210593847595,0.08030759543180466,,,,,,,,D:\TrustFed-IncBoost\outputs\ehms_unseen_confirmation\unseen_confirmation_20260827T071608Z\runs\confirm_attack_rich_flip_trust_v1_seed176_20260827T072413Z
confirm_attack_rich_flip_trust_v1,attack_rich_flip,trust_v1,176,2,False,1130,0.3216316657364954,0.7659501235958572,0.7573157323129583,0.6999361443288658,0.8761024454703488,0.07537083839627626,0.061115674674510956,,,,,,,,D:\TrustFed-IncBoost\outputs\ehms_unseen_confirmation\unseen_confirmation_20260827T071608Z\runs\confirm_attack_rich_flip_trust_v1_seed176_20260827T072413Z
confirm_attack_rich_flip_trust_v1,attack_rich_flip,trust_v1,176,3,False,5745,0.4,0.8496728115981664,0.8108030409506165,0.8198002481356572,0.936717192265145,0.04704579549653013,0.10094606876373291,,,,,,,,D:\TrustFed-IncBoost\outputs\ehms_unseen_confirmation\unseen_confirmation_20260827T071608Z\runs\confirm_attack_rich_flip_trust_v1_seed176_20260827T072413Z
confirm_attack_rich_flip_trust_v1,attack_rich_flip,trust_v1,176,4,False,330,0.04287232893644557,0.4729823503286588,0.6717780684382009,0.49104907658438035,0.6767972845292815,0.2499989479633095,0.34763088822364807,,,,,,,,D:\TrustFed-IncBoost\outputs\ehms_unseen_confirmation\unseen_confirmation_20260827T071608Z\runs\confirm_attack_rich_flip_trust_v1_seed176_20260827T072413Z
confirm_attack_rich_flip_trust_v1,attack_rich_flip,trust_v1,187,0,False,2053,0.27808774073425085,0.7881763986647261,0.7367038376532047,0.6834861043073294,0.8635167604313174,0.0659011566726109,0.03364455699920654,,,,,,,,D:\TrustFed-IncBoost\outputs\ehms_unseen_confirmation\unseen_confirmation_20260827T071608Z\runs\confirm_attack_rich_flip_trust_v1_seed187_20260827T072420Z
confirm_attack_rich_flip_trust_v1,attack_rich_flip,trust_v1,187,1,True,3024,0.0002573735178405148,0.25398408955455937,0.24078762306610407,0.07903970875796543,0.13902869868059745,0.2568647957314858,0.42359158396720886,,,,,,,,D:\TrustFed-IncBoost\outputs\ehms_unseen_confirmation\unseen_confirmation_20260827T071608Z\runs\confirm_attack_rich_flip_trust_v1_seed187_20260827T072420Z
confirm_attack_rich_flip_trust_v1,attack_rich_flip,trust_v1,187,2,False,548,0.20906665742137667,0.7703058366525454,0.713813542294555,0.5958325820475764,0.784161727278816,0.07138482149749488,0.048311784863471985,,,,,,,,D:\TrustFed-IncBoost\outputs\ehms_unseen_confirmation\unseen_confirmation_20260827T071608Z\runs\confirm_attack_rich_flip_trust_v1_seed187_20260827T072420Z
confirm_attack_rich_flip_trust_v1,attack_rich_flip,trust_v1,187,3,False,1930,0.25325031289932315,0.7761062382337321,0.7402099658428772,0.6752757358950146,0.8592496316388722,0.07100150373115086,0.04440685361623764,,,,,,,,D:\TrustFed-IncBoost\outputs\ehms_unseen_confirmation\unseen_confirmation_20260827T071608Z\runs\confirm_attack_rich_flip_trust_v1_seed187_20260827T072420Z
confirm_attack_rich_flip_trust_v1,attack_rich_flip,trust_v1,187,4,False,2235,0.25933791542720874,0.7845900016498928,0.7280992565802693,0.6541183680122816,0.837813944143058,0.06748013744425624,0.03478487953543663,,,,,,,,D:\TrustFed-IncBoost\outputs\ehms_unseen_confirmation\unseen_confirmation_20260827T071608Z\runs\confirm_attack_rich_flip_trust_v1_seed187_20260827T072420Z
confirm_attack_rich_flip_trust_v1,attack_rich_flip,trust_v1,198,0,False,924,0.2779897015873304,0.7808971692336564,0.7404286752655155,0.6797686937863704,0.8635125136336975,0.07112900049421662,0.11252142488956451,,,,,,,,D:\TrustFed-IncBoost\outputs\ehms_unseen_confirmation\unseen_confirmation_20260827T071608Z\runs\confirm_attack_rich_flip_trust_v1_seed198_20260827T072426Z
confirm_attack_rich_flip_trust_v1,attack_rich_flip,trust_v1,198,1,False,5830,0.2293937792240303,0.7591649781198386,0.7013855181376104,0.6250667534082623,0.8331190555243294,0.07291998482366435,0.12352616339921951,,,,,,,,D:\TrustFed-IncBoost\outputs\ehms_unseen_confirmation\unseen_confirmation_20260827T071608Z\runs\confirm_attack_rich_flip_trust_v1_seed198_20260827T072426Z
confirm_attack_rich_flip_trust_v1,attack_rich_flip,trust_v1,198,2,False,1023,0.307318318408158,0.734525646605732,0.8155916474074969,0.7241622230701523,0.9013915548982194,0.11200377031078157,0.07135190814733505,,,,,,,,D:\TrustFed-IncBoost\outputs\ehms_unseen_confirmation\unseen_confirmation_20260827T071608Z\runs\confirm_attack_rich_flip_trust_v1_seed198_20260827T072426Z
confirm_attack_rich_flip_trust_v1,attack_rich_flip,trust_v1,198,3,True,1749,0.0012868795539545353,0.1811116940133101,0.25373361406989425,0.08640873377249357,0.15014565724415352,0.2566041017924985,0.3148469626903534,,,,,,,,D:\TrustFed-IncBoost\outputs\ehms_unseen_confirmation\unseen_confirmation_20260827T071608Z\runs\confirm_attack_rich_flip_trust_v1_seed198_20260827T072426Z
confirm_attack_rich_flip_trust_v1,attack_rich_flip,trust_v1,198,4,False,264,0.1840113212265267,0.6398183958298301,0.7606775203271599,0.6747079019017286,0.8609815609594533,0.15915706542113592,0.14057643711566925,,,,,,,,D:\TrustFed-IncBoost\outputs\ehms_unseen_confirmation\unseen_confirmation_20260827T071608Z\runs\confirm_attack_rich_flip_trust_v1_seed198_20260827T072426Z
confirm_attack_rich_flip_trust_v1,attack_rich_flip,trust_v1,209,0,True,396,0.00590722874148217,0.44478979273482333,0.4464882000704473,0.07710027854720211,0.20098253320348922,0.19533199831570833,0.23985619843006134,,,,,,,,D:\TrustFed-IncBoost\outputs\ehms_unseen_confirmation\unseen_confirmation_20260827T071608Z\runs\confirm_attack_rich_flip_trust_v1_seed209_20260827T072432Z
confirm_attack_rich_flip_trust_v1,attack_rich_flip,trust_v1,209,1,False,552,0.16600431615368152,0.6454134528639646,0.762190912293061,0.6662544656382805,0.8694312413235812,0.15302839075394115,0.16992253065109253,,,,,,,,D:\TrustFed-IncBoost\outputs\ehms_unseen_confirmation\unseen_confirmation_20260827T071608Z\runs\confirm_attack_rich_flip_trust_v1_seed209_20260827T072432Z
confirm_attack_rich_flip_trust_v1,attack_rich_flip,trust_v1,209,2,False,1735,0.3335930208927822,0.785760096558737,0.7877632969355407,0.7368594064729489,0.8987423077719994,0.0722208679545984,0.09319838136434555,,,,,,,,D:\TrustFed-IncBoost\outputs\ehms_unseen_confirmation\unseen_confirmation_20260827T071608Z\runs\confirm_attack_rich_flip_trust_v1_seed209_20260827T072432Z
confirm_attack_rich_flip_trust_v1,attack_rich_flip,trust_v1,209,3,False,6886,0.2845576017976675,0.7830093961839454,0.728185980979218,0.6682665990668508,0.8326738909723806,0.06621862721097642,0.08989264070987701,,,,,,,,D:\TrustFed-IncBoost\outputs\ehms_unseen_confirmation\unseen_confirmation_20260827T071608Z\runs\confirm_attack_rich_flip_trust_v1_seed209_20260827T072432Z
confirm_attack_rich_flip_trust_v1,attack_rich_flip,trust_v1,209,4,False,221,0.20993783241438665,0.7057509634634455,0.7076083127861923,0.5691097620976808,0.8135076559683403,0.1014253908957488,0.06772938370704651,,,,,,,,D:\TrustFed-IncBoost\outputs\ehms_unseen_confirmation\unseen_confirmation_20260827T071608Z\runs\confirm_attack_rich_flip_trust_v1_seed209_20260827T072432Z
confirm_attack_rich_flip_trust_v1,attack_rich_flip,trust_v1,220,0,False,363,0.12621421306716427,0.28406012274060527,0.568877768212735,0.5032691248025356,0.5400886137672978,0.2564279336161968,0.17632731795310974,,,,,,,,D:\TrustFed-IncBoost\outputs\ehms_unseen_confirmation\unseen_confirmation_20260827T071608Z\runs\confirm_attack_rich_flip_trust_v1_seed220_20260827T072439Z
confirm_attack_rich_flip_trust_v1,attack_rich_flip,trust_v1,220,1,False,1503,0.06689585446696351,0.4690947942496751,0.5008784837276262,0.14308090082832017,0.49925610531140807,0.10908371187632894,0.20886626839637756,,,,,,,,D:\TrustFed-IncBoost\outputs\ehms_unseen_confirmation\unseen_confirmation_20260827T071608Z\runs\confirm_attack_rich_flip_trust_v1_seed220_20260827T072439Z
confirm_attack_rich_flip_trust_v1,attack_rich_flip,trust_v1,220,2,True,4742,0.00688993246587213,0.2389820869495508,0.24213041118886414,0.07671652176333142,0.15120627038722945,0.2568429628307871,0.17568887770175934,,,,,,,,D:\TrustFed-IncBoost\outputs\ehms_unseen_confirmation\unseen_confirmation_20260827T071608Z\runs\confirm_attack_rich_flip_trust_v1_seed220_20260827T072439Z
confirm_attack_rich_flip_trust_v1,attack_rich_flip,trust_v1,220,3,False,269,0.4,0.6500032168821978,0.7716608803413143,0.6653325295087873,0.866166035574506,0.14985317598086312,0.056101471185684204,,,,,,,,D:\TrustFed-IncBoost\outputs\ehms_unseen_confirmation\unseen_confirmation_20260827T071608Z\runs\confirm_attack_rich_flip_trust_v1_seed220_20260827T072439Z
confirm_attack_rich_flip_trust_v1,attack_rich_flip,trust_v1,220,4,False,2913,0.4,0.7909868710817067,0.7430888743454371,0.6888098432525976,0.8733482742933216,0.06348396036586905,0.252984881401062,,,,,,,,D:\TrustFed-IncBoost\outputs\ehms_unseen_confirmation\unseen_confirmation_20260827T071608Z\runs\confirm_attack_rich_flip_trust_v1_seed220_20260827T072439Z
confirm_attack_rich_flip_trust_v2,attack_rich_flip,trust_v2,121,0,False,3171,0.3678370868564189,0.7713315217391304,0.725507223906702,0.667547359021285,0.8722626719962231,0.06649053141924285,0.13215653598308563,0.7555323206979941,0.5794753548718339,0.999992433272968,True,True,0.11472208244999929,False,D:\TrustFed-IncBoost\outputs\ehms_unseen_confirmation\unseen_confirmation_20260827T071608Z\runs\confirm_attack_rich_flip_trust_v2_seed121_20260827T072444Z
confirm_attack_rich_flip_trust_v2,attack_rich_flip,trust_v2,121,1,False,275,0.039203830086604136,0.4340757905102276,0.6788412308383773,0.5757042412150226,0.6788412308383773,0.2516621405005809,0.2953586280345917,0.582539467590643,0.35768246167675466,2.2348981148709792,True,True,0.012227002627678837,False,D:\TrustFed-IncBoost\outputs\ehms_unseen_confirmation\unseen_confirmation_20260827T071608Z\runs\confirm_attack_rich_flip_trust_v2_seed121_20260827T072444Z
confirm_attack_rich_flip_trust_v2,attack_rich_flip,trust_v2,121,2,True,5479,0.0,0.2089932217639686,0.23386782781084314,0.07009151225950852,0.13823892939673169,0.25664719222643173,0.2992083728313446,0.1475195635096779,0.0,2.2640280828907042,False,False,0.0,False,D:\TrustFed-IncBoost\outputs\ehms_unseen_confirmation\unseen_confirmation_20260827T071608Z\runs\confirm_attack_rich_flip_trust_v2_seed121_20260827T072444Z
confirm_attack_rich_flip_trust_v2,attack_rich_flip,trust_v2,121,3,False,413,0.39438785359827505,0.7193036330136533,0.7620696773609115,0.6641747532566014,0.8604893633885945,0.10077076259303251,0.06657231599092484,0.7481414226576228,0.614730286077689,0.5037345429884921,True,True,0.12300281150127865,False,D:\TrustFed-IncBoost\outputs\ehms_unseen_confirmation\unseen_confirmation_20260827T071608Z\runs\confirm_attack_rich_flip_trust_v2_seed121_20260827T072444Z
confirm_attack_rich_flip_trust_v2,attack_rich_flip,trust_v2,121,4,False,452,0.19857122945870193,0.7469863869231086,0.7097445871872885,0.5795415364396999,0.7757945339236609,0.07640349898951697,0.11867819726467133,0.6987334185429077,0.4810256153941447,0.8980055233464743,True,True,0.061930962842392905,False,D:\TrustFed-IncBoost\outputs\ehms_unseen_confirmation\unseen_confirmation_20260827T071608Z\runs\confirm_attack_rich_flip_trust_v2_seed121_20260827T072444Z
confirm_attack_rich_flip_trust_v2,attack_rich_flip,trust_v2,132,0,False,2270,0.4,0.7967703948347975,0.7801576587719484,0.7374517415542545,0.8986565707253825,0.06871960079561672,0.22701282799243927,0.8011442706792891,0.6683911774057968,1.1773302109957862,True,True,0.17798103286506028,False,D:\TrustFed-IncBoost\outputs\ehms_unseen_confirmation\unseen_confirmation_20260827T071608Z\runs\confirm_attack_rich_flip_trust_v2_seed132_20260827T072451Z
confirm_attack_rich_flip_trust_v2,attack_rich_flip,trust_v2,132,1,False,6425,0.1677321441325092,0.7439188410252469,0.686607250136055,0.5512105652464456,0.7017130745423804,0.08317866830306653,0.21241921186447144,0.6666958645015328,0.3880264019720446,1.1016450380164682,True,True,0.03383872006624482,False,D:\TrustFed-IncBoost\outputs\ehms_unseen_confirmation\unseen_confirmation_20260827T071608Z\runs\confirm_attack_rich_flip_trust_v2_seed132_20260827T072451Z
confirm_attack_rich_flip_trust_v2,attack_rich_flip,trust_v2,132,2,False,341,0.08591463002407713,0.4473549762524993,0.6610831148209141,0.5475519942342473,0.7408112877272588,0.25072140354872735,0.1928190141916275,0.5885187764217011,0.39390675196620945,0.9999948138163759,True,True,0.017332641456505822,False,D:\TrustFed-IncBoost\outputs\ehms_unseen_confirmation\unseen_confirmation_20260827T071608Z\runs\confirm_attack_rich_flip_trust_v2_seed132_20260827T072451Z
confirm_attack_rich_flip_trust_v2,attack_rich_flip,trust_v2,132,3,True,499,0.0,0.3919103927439089,0.371065892979567,0.08067389533713412,0.18748404839706515,0.24426653355966976,0.182875856757164,0.21656276711900843,0.0,0.9484277735578795,False,False,0.0,False,D:\TrustFed-IncBoost\outputs\ehms_unseen_confirmation\unseen_confirmation_20260827T071608Z\runs\confirm_attack_rich_flip_trust_v2_seed132_20260827T072451Z
confirm_attack_rich_flip_trust_v2,attack_rich_flip,trust_v2,132,4,False,255,0.3463532258434136,0.623409610034927,0.7291282355740574,0.6055158108459091,0.8328723565494434,0.167900968711418,0.06426030397415161,0.6919430255970009,0.5523421248738954,0.33326573615065047,True,True,0.06987420278904423,False,D:\TrustFed-IncBoost\outputs\ehms_unseen_confirmation\unseen_confirmation_20260827T071608Z\runs\confirm_attack_rich_flip_trust_v2_seed132_20260827T072451Z
confirm_attack_rich_flip_trust_v2,attack_rich_flip,trust_v2,143,0,False,486,0.4,0.7697929051246825,0.7108017505525985,0.5561463995625088,0.7767678397133284,0.06720207023190422,0.0717863067984581,0.6972695338401577,0.4830865144391039,0.9999860699607689,True,True,0.06258238036480035,False,D:\TrustFed-IncBoost\outputs\ehms_unseen_confirmation\unseen_confirmation_20260827T071608Z\runs\confirm_attack_rich_flip_trust_v2_seed143_20260827T072459Z
confirm_attack_rich_flip_trust_v2,attack_rich_flip,trust_v2,143,1,False,709,0.011791451752684621,0.5156863729272082,0.5210843892142905,0.25137190689344036,0.7475632644960273,0.09923094608891539,0.05162501707673073,0.47403957749210746,0.14449526253541425,0.7191385131868405,True,True,0.0016971816616825055,False,D:\TrustFed-IncBoost\outputs\ehms_unseen_confirmation\unseen_confirmation_20260827T071608Z\runs\confirm_attack_rich_flip_trust_v2_seed143_20260827T072459Z
confirm_attack_rich_flip_trust_v2,attack_rich_flip,trust_v2,143,2,False,293,0.3782399981806741,0.5818207668350541,0.7427092783094063,0.6497890218477385,0.8432278464378575,0.21558651679240493,0.3217025399208069,0.6975596392198914,0.5772506661914705,3.0,True,True,0.05444130223243377,False,D:\TrustFed-IncBoost\outputs\ehms_unseen_confirmation\unseen_confirmation_20260827T071608Z\runs\confirm_attack_rich_flip_trust_v2_seed143_20260827T072459Z
confirm_attack_rich_flip_trust_v2,attack_rich_flip,trust_v2,143,3,False,703,0.20996855006664122,0.6926944813829787,0.6417847008808045,0.5122409084610047,0.7507161804675088,0.07567521174518907,0.05204623192548752,0.6430137810344262,0.37708205289333796,0.7250060525547589,True,True,0.03022145026561597,False,D:\TrustFed-IncBoost\outputs\ehms_unseen_confirmation\unseen_confirmation_20260827T071608Z\runs\confirm_attack_rich_flip_trust_v2_seed143_20260827T072459Z
confirm_attack_rich_flip_trust_v2,attack_rich_flip,trust_v2,143,4,True,7599,0.0,0.2680847524587778,0.2672891538421802,0.06709850084083312,0.1672509092161392,0.25687848251647233,0.3668990731239319,0.1683967434377652,0.0,3.0,False,False,0.0,False,D:\TrustFed-IncBoost\outputs\ehms_unseen_confirmation\unseen_confirmation_20260827T071608Z\runs\confirm_attack_rich_flip_trust_v2_seed143_20260827T072459Z
confirm_attack_rich_flip_trust_v2,attack_rich_flip,trust_v2,154,0,False,4927,0.4,0.7772541411224599,0.7182483807378204,0.6331189666079057,0.8167082998703199,0.06584264417158336,0.10281585901975632,0.7329890694231999,0.5258177388142221,0.9896063187927953,True,True,0.08645591492002751,False,D:\TrustFed-IncBoost\outputs\ehms_unseen_confirmation\unseen_confirmation_20260827T071608Z\runs\confirm_attack_rich_flip_trust_v2_seed154_20260827T072506Z
confirm_attack_rich_flip_trust_v2,attack_rich_flip,trust_v2,154,1,False,1516,0.19999999999999996,0.5936788962273938,0.5704131334939558,0.39513660366893405,0.7644842697762063,0.09212180088978687,0.06958846747875214,0.5655411829963211,0.272933443863543,0.669791487311772,True,True,0.010480972075519776,False,D:\TrustFed-IncBoost\outputs\ehms_unseen_confirmation\unseen_confirmation_20260827T071608Z\runs\confirm_attack_rich_flip_trust_v2_seed154_20260827T072506Z
confirm_attack_rich_flip_trust_v2,attack_rich_flip,trust_v2,154,2,False,388,0.0,0.22268724201687945,0.5289824462592697,0.43698122859844346,0.7047510525638753,0.25685360609490354,0.32654041051864624,0.4364241532270409,0.15406734082811221,3.0,False,False,0.0,False,D:\TrustFed-IncBoost\outputs\ehms_unseen_confirmation\unseen_confirmation_20260827T071608Z\runs\confirm_attack_rich_flip_trust_v2_seed154_20260827T072506Z
confirm_attack_rich_flip_trust_v2,attack_rich_flip,trust_v2,154,3,True,534,0.0,0.3213143192904243,0.307589411433399,0.08203315136475302,0.20466674315355438,0.25259227906278126,0.32060301303863525,0.20182944869070418,0.0,3.0,False,False,0.0,False,D:\TrustFed-IncBoost\outputs\ehms_unseen_confirmation\unseen_confirmation_20260827T071608Z\runs\confirm_attack_rich_flip_trust_v2_seed154_20260827T072506Z
confirm_attack_rich_flip_trust_v2,attack_rich_flip,trust_v2,154,4,False,2425,0.4,0.8106836634726664,0.7981215515712841,0.7525661218069536,0.9112143684095246,0.06121285689435105,0.10389471799135208,0.8161526980570472,0.7002624237774097,0.9999903749642494,True,True,0.21342144948648534,False,D:\TrustFed-IncBoost\outputs\ehms_unseen_confirmation\unseen_confirmation_20260827T071608Z\runs\confirm_attack_rich_flip_trust_v2_seed154_20260827T072506Z
confirm_attack_rich_flip_trust_v2,attack_rich_flip,trust_v2,165,0,False,5192,0.3999999999999999,0.8299040325803972,0.7915486579628053,0.7829720497579207,0.925144744551132,0.05245450732945841,0.08595700562000275,0.8305491903997665,0.7041317482227946,0.9999883664122639,True,True,0.23142676330826692,False,D:\TrustFed-IncBoost\outputs\ehms_unseen_confirmation\unseen_confirmation_20260827T071608Z\runs\confirm_attack_rich_flip_trust_v2_seed165_20260827T072513Z
confirm_attack_rich_flip_trust_v2,attack_rich_flip,trust_v2,165,1,False,1588,0.2869867344064425,0.7781525278316035,0.7338452800356137,0.683590944472412,0.8673070477740168,0.06553545782186404,0.06603969633579254,0.7627981016993883,0.5861502177625442,0.7682786013874764,True,True,0.12386750245520713,False,D:\TrustFed-IncBoost\outputs\ehms_unseen_confirmation\unseen_confirmation_20260827T071608Z\runs\confirm_attack_rich_flip_trust_v2_seed165_20260827T072513Z
confirm_attack_rich_flip_trust_v2,attack_rich_flip,trust_v2,165,2,True,676,0.0,0.2141656253154511,0.24810610421607682,0.07740071005368825,0.17033719574648448,0.2543822312115541,0.3568528890609741,0.1626898329654998,0.0,3.0,False,False,0.0,False,D:\TrustFed-IncBoost\outputs\ehms_unseen_confirmation\unseen_confirmation_20260827T071608Z\runs\confirm_attack_rich_flip_trust_v2_seed165_20260827T072513Z
confirm_attack_rich_flip_trust_v2,attack_rich_flip,trust_v2,165,3,False,515,0.21447036991103924,0.6328822476840092,0.7758550993831567,0.6754500493806878,0.8771882246288749,0.16399397356431236,0.21422497928142548,0.7344248968222418,0.6451334596535967,2.492205091733475,True,True,0.09256842176510184,False,D:\TrustFed-IncBoost\outputs\ehms_unseen_confirmation\unseen_confirmation_20260827T071608Z\runs\confirm_attack_rich_flip_trust_v2_seed165_20260827T072513Z
confirm_attack_rich_flip_trust_v2,attack_rich_flip,trust_v2,165,4,False,1819,0.09854289568251819,0.7135735382487072,0.6577901095274279,0.5708754023475416,0.7778511201339265,0.07658453219073445,0.07508007436990738,0.6756798566899845,0.4187703842358043,0.8734506324148121,True,True,0.042532496835238826,False,D:\TrustFed-IncBoost\outputs\ehms_unseen_confirmation\unseen_confirmation_20260827T071608Z\runs\confirm_attack_rich_flip_trust_v2_seed165_20260827T072513Z
confirm_attack_rich_flip_trust_v2,attack_rich_flip,trust_v2,176,0,True,2217,0.0,0.09306148335739928,0.24339457376591672,0.07193775950929203,0.14903440403218482,0.25736805206477836,0.3545897305011749,0.12483347965335054,0.0,3.0,False,False,0.0,False,D:\TrustFed-IncBoost\outputs\ehms_unseen_confirmation\unseen_confirmation_20260827T071608Z\runs\confirm_attack_rich_flip_trust_v2_seed176_20260827T072520Z
confirm_attack_rich_flip_trust_v2,attack_rich_flip,trust_v2,176,1,False,368,0.1766941876419644,0.7492168718583814,0.6902998248191872,0.5974125648655582,0.8015783085132495,0.07182210593847595,0.08030759543180466,0.7054502719012318,0.47912545029183395,0.7955416280562337,True,True,0.0644709209331309,False,D:\TrustFed-IncBoost\outputs\ehms_unseen_confirmation\unseen_confirmation_20260827T071608Z\runs\confirm_attack_rich_flip_trust_v2_seed176_20260827T072520Z
confirm_attack_rich_flip_trust_v2,attack_rich_flip,trust_v2,176,2,False,1130,0.39559382249213715,0.7659501235958572,0.7573157323129583,0.6999361443288658,0.8761024454703488,0.07537083839627626,0.061115674674510956,0.772276279578563,0.6221802831363182,0.6054229748617316,True,True,0.14434146585061972,False,D:\TrustFed-IncBoost\outputs\ehms_unseen_confirmation\unseen_confirmation_20260827T071608Z\runs\confirm_attack_rich_flip_trust_v2_seed176_20260827T072520Z
confirm_attack_rich_flip_trust_v2,attack_rich_flip,trust_v2,176,3,False,5745,0.4,0.8496728115981664,0.8108030409506165,0.8198002481356572,0.936717192265145,0.04704579549653013,0.10094606876373291,0.8528465693115215,0.7368392806885967,0.999990093818352,True,True,0.27737402169331,False,D:\TrustFed-IncBoost\outputs\ehms_unseen_confirmation\unseen_confirmation_20260827T071608Z\runs\confirm_attack_rich_flip_trust_v2_seed176_20260827T072520Z
confirm_attack_rich_flip_trust_v2,attack_rich_flip,trust_v2,176,4,False,330,0.027711989865898432,0.4729823503286588,0.6717780684382009,0.49104907658438035,0.6767972845292815,0.2499989479633095,0.34763088822364807,0.5700508080765543,0.34853921467495724,3.0,True,True,0.010111354150280753,False,D:\TrustFed-IncBoost\outputs\ehms_unseen_confirmation\unseen_confirmation_20260827T071608Z\runs\confirm_attack_rich_flip_trust_v2_seed176_20260827T072520Z
confirm_attack_rich_flip_trust_v2,attack_rich_flip,trust_v2,187,0,False,2053,0.30071512571127873,0.7881763986647261,0.7367038376532047,0.6834861043073294,0.8635167604313174,0.0659011566726109,0.03364455699920654,0.7651193840513303,0.5866713296057801,0.7576262813770508,True,True,0.12526594977113997,False,D:\TrustFed-IncBoost\outputs\ehms_unseen_confirmation\unseen_confirmation_20260827T071608Z\runs\confirm_attack_rich_flip_trust_v2_seed187_20260827T072527Z
confirm_attack_rich_flip_trust_v2,attack_rich_flip,trust_v2,187,1,True,3024,0.0,0.25398408955455937,0.24078762306610407,0.07903970875796543,0.13902869868059745,0.2568647957314858,0.42359158396720886,0.1610080592295581,0.0,3.0,False,False,0.0,False,D:\TrustFed-IncBoost\outputs\ehms_unseen_confirmation\unseen_confirmation_20260827T071608Z\runs\confirm_attack_rich_flip_trust_v2_seed187_20260827T072527Z
confirm_attack_rich_flip_trust_v2,attack_rich_flip,trust_v2,187,2,False,548,0.1637061453344794,0.7703058366525454,0.713813542294555,0.5958325820475764,0.784161727278816,0.07138482149749488,0.048311784863471985,0.7119417559157261,0.49298123896969104,1.0879108294891082,True,True,0.06819346293337018,False,D:\TrustFed-IncBoost\outputs\ehms_unseen_confirmation\unseen_confirmation_20260827T071608Z\runs\confirm_attack_rich_flip_trust_v2_seed187_20260827T072527Z
confirm_attack_rich_flip_trust_v2,attack_rich_flip,trust_v2,187,3,False,1930,0.28538256725344496,0.7761062382337321,0.7402099658428772,0.6752757358950146,0.8592496316388722,0.07100150373115086,0.04440685361623764,0.7598347480494647,0.5875213757644558,0.9999774814606298,True,True,0.11887901631343917,False,D:\TrustFed-IncBoost\outputs\ehms_unseen_confirmation\unseen_confirmation_20260827T071608Z\runs\confirm_attack_rich_flip_trust_v2_seed187_20260827T072527Z
confirm_attack_rich_flip_trust_v2,attack_rich_flip,trust_v2,187,4,False,2235,0.2501961617007969,0.7845900016498928,0.7280992565802693,0.6541183680122816,0.837813944143058,0.06748013744425624,0.03478487953543663,0.748013302731872,0.5551760424279136,0.783304679303789,True,True,0.10422176054634205,False,D:\TrustFed-IncBoost\outputs\ehms_unseen_confirmation\unseen_confirmation_20260827T071608Z\runs\confirm_attack_rich_flip_trust_v2_seed187_20260827T072527Z
confirm_attack_rich_flip_trust_v2,attack_rich_flip,trust_v2,198,0,False,924,0.25273699688175266,0.7808971692336564,0.7404286752655155,0.6797686937863704,0.8635125136336975,0.07112900049421662,0.11252142488956451,0.7632674083889619,0.5912658694543007,0.9109043047148564,True,True,0.12309880570512248,False,D:\TrustFed-IncBoost\outputs\ehms_unseen_confirmation\unseen_confirmation_20260827T071608Z\runs\confirm_attack_rich_flip_trust_v2_seed198_20260827T072533Z
confirm_attack_rich_flip_trust_v2,attack_rich_flip,trust_v2,198,1,False,5830,0.16463831615870825,0.7591649781198386,0.7013855181376104,0.6250667534082623,0.8331190555243294,0.07291998482366435,0.12352616339921951,0.7256573639768437,0.5180168089870385,0.9999919046145602,True,True,0.08018920989997168,False,D:\TrustFed-IncBoost\outputs\ehms_unseen_confirmation\unseen_confirmation_20260827T071608Z\runs\confirm_attack_rich_flip_trust_v2_seed198_20260827T072533Z
confirm_attack_rich_flip_trust_v2,attack_rich_flip,trust_v2,198,2,False,1023,0.38812311493951707,0.734525646605732,0.8155916474074969,0.7241622230701523,0.9013915548982194,0.11200377031078157,0.07135190814733505,0.790782902725302,0.7118309407880098,0.577621198316822,True,True,0.18904035620063986,False,D:\TrustFed-IncBoost\outputs\ehms_unseen_confirmation\unseen_confirmation_20260827T071608Z\runs\confirm_attack_rich_flip_trust_v2_seed198_20260827T072533Z
confirm_attack_rich_flip_trust_v2,attack_rich_flip,trust_v2,198,3,True,1749,0.0,0.1811116940133101,0.25373361406989425,0.08640873377249357,0.15014565724415352,0.2566041017924985,0.3148469626903534,0.15626032693921654,0.0,2.5488075175240583,False,False,0.0,False,D:\TrustFed-IncBoost\outputs\ehms_unseen_confirmation\unseen_confirmation_20260827T071608Z\runs\confirm_attack_rich_flip_trust_v2_seed198_20260827T072533Z
confirm_attack_rich_flip_trust_v2,attack_rich_flip,trust_v2,198,4,False,264,0.19450157202002208,0.6398183958298301,0.7606775203271599,0.6747079019017286,0.8609815609594533,0.15915706542113592,0.14057643711566925,0.7291917357075115,0.6135137429422027,1.1380204422030584,True,True,0.09473449284766046,False,D:\TrustFed-IncBoost\outputs\ehms_unseen_confirmation\unseen_confirmation_20260827T071608Z\runs\confirm_attack_rich_flip_trust_v2_seed198_20260827T072533Z
confirm_attack_rich_flip_trust_v2,attack_rich_flip,trust_v2,209,0,True,396,0.0,0.44478979273482333,0.4464882000704473,0.07710027854720211,0.20098253320348922,0.19533199831570833,0.23985619843006134,0.2355292044805251,0.0,2.573581443554742,False,False,0.0,False,D:\TrustFed-IncBoost\outputs\ehms_unseen_confirmation\unseen_confirmation_20260827T071608Z\runs\confirm_attack_rich_flip_trust_v2_seed209_20260827T072539Z
confirm_attack_rich_flip_trust_v2,attack_rich_flip,trust_v2,209,1,False,552,0.21338116539346716,0.6454134528639646,0.762190912293061,0.6662544656382805,0.8694312413235812,0.15302839075394115,0.16992253065109253,0.7306245964135353,0.6224516501454157,1.8232152205690313,True,True,0.09272441642780321,False,D:\TrustFed-IncBoost\outputs\ehms_unseen_confirmation\unseen_confirmation_20260827T071608Z\runs\confirm_attack_rich_flip_trust_v2_seed209_20260827T072539Z
confirm_attack_rich_flip_trust_v2,attack_rich_flip,trust_v2,209,2,False,1735,0.4,0.785760096558737,0.7877632969355407,0.7368594064729489,0.8987423077719994,0.0722208679545984,0.09319838136434555,0.8001591626706348,0.6774759069137636,0.9999892703150455,True,True,0.1841440230730134,False,D:\TrustFed-IncBoost\outputs\ehms_unseen_confirmation\unseen_confirmation_20260827T071608Z\runs\confirm_attack_rich_flip_trust_v2_seed209_20260827T072539Z
confirm_attack_rich_flip_trust_v2,attack_rich_flip,trust_v2,209,3,False,6886,0.23496317753050533,0.7830093961839454,0.728185980979218,0.6682665990668508,0.8326738909723806,0.06621862721097642,0.08989264070987701,0.7505134806418766,0.5510408992360045,0.9645197145510929,True,True,0.1021028424807987,False,D:\TrustFed-IncBoost\outputs\ehms_unseen_confirmation\unseen_confirmation_20260827T071608Z\runs\confirm_attack_rich_flip_trust_v2_seed209_20260827T072539Z
confirm_attack_rich_flip_trust_v2,attack_rich_flip,trust_v2,209,4,False,221,0.1516556570760275,0.7057509634634455,0.7076083127861923,0.5691097620976808,0.8135076559683403,0.1014253908957488,0.06772938370704651,0.693426638541308,0.5102422777510353,0.7267149493436137,True,True,0.06590170352861059,False,D:\TrustFed-IncBoost\outputs\ehms_unseen_confirmation\unseen_confirmation_20260827T071608Z\runs\confirm_attack_rich_flip_trust_v2_seed209_20260827T072539Z
confirm_attack_rich_flip_trust_v2,attack_rich_flip,trust_v2,220,0,False,363,0.19999999999999993,0.28406012274060527,0.568877768212735,0.5032691248025356,0.5400886137672978,0.2564279336161968,0.17632731795310974,0.45779773045826627,0.10509451454826348,0.9999943287611904,True,True,0.0005741446572228244,False,D:\TrustFed-IncBoost\outputs\ehms_unseen_confirmation\unseen_confirmation_20260827T071608Z\runs\confirm_attack_rich_flip_trust_v2_seed220_20260827T072546Z
confirm_attack_rich_flip_trust_v2,attack_rich_flip,trust_v2,220,1,False,1503,0.0,0.4690947942496751,0.5008784837276262,0.14308090082832017,0.49925610531140807,0.10908371187632894,0.20886626839637756,0.35993535681622885,0.0,1.1845304873373799,False,False,0.0,False,D:\TrustFed-IncBoost\outputs\ehms_unseen_confirmation\unseen_confirmation_20260827T071608Z\runs\confirm_attack_rich_flip_trust_v2_seed220_20260827T072546Z
confirm_attack_rich_flip_trust_v2,attack_rich_flip,trust_v2,220,2,True,4742,0.0,0.2389820869495508,0.24213041118886414,0.07671652176333142,0.15120627038722945,0.2568429628307871,0.17568887770175934,0.16096014277865361,0.0,0.9963735816301472,False,False,0.0,False,D:\TrustFed-IncBoost\outputs\ehms_unseen_confirmation\unseen_confirmation_20260827T071608Z\runs\confirm_attack_rich_flip_trust_v2_seed220_20260827T072546Z
confirm_attack_rich_flip_trust_v2,attack_rich_flip,trust_v2,220,3,False,269,0.4,0.6500032168821978,0.7716608803413143,0.6653325295087873,0.866166035574506,0.14985317598086312,0.056101471185684204,0.7332388614798157,0.6307867708671745,0.3181648406616289,True,True,0.11259601960016934,False,D:\TrustFed-IncBoost\outputs\ehms_unseen_confirmation\unseen_confirmation_20260827T071608Z\runs\confirm_attack_rich_flip_trust_v2_seed220_20260827T072546Z
confirm_attack_rich_flip_trust_v2,attack_rich_flip,trust_v2,220,4,False,2913,0.4,0.7909868710817067,0.7430888743454371,0.6888098432525976,0.8733482742933216,0.06348396036586905,0.252984881401062,0.7711239844479464,0.6025174246004013,1.434737677633477,True,True,0.12701661162854314,False,D:\TrustFed-IncBoost\outputs\ehms_unseen_confirmation\unseen_confirmation_20260827T071608Z\runs\confirm_attack_rich_flip_trust_v2_seed220_20260827T072546Z
